,x,y,community
AAACATTGTTTGGG-1,-10.386154,11.758343,6
AAACCGTGCCAAGT-1,5.8001113,-13.783989,5
AAACGCACAGCCTA-1,14.682107,-15.672992,3
AAACGCACCAGATC-1,-2.8556716,2.7880125,1
AAACGCACCGCCTT-1,11.309718,-7.3921266,0
AAACGCACCGTAGT-1,3.125188,-3.630825,0
AAACGGCTGATAGA-1,-2.2457194,-5.202469,1
AAACTTGAAGAGTA-1,-6.09536,18.782959,2
AAACTTGACCACAA-1,5.784146,-3.1445274,0
AAAGACGATTGTCT-1,-8.797077,20.471907,4
AAAGAGACGAGGAC-1,1.4980873,-0.9361475,1
AAAGATCTAGATCC-1,4.8208613,2.1504846,0
AAAGCAGACTACGA-1,5.7385926,3.4518042,1
AAAGCCTGAGATGA-1,-5.3118067,10.411786,2
AAAGGCCTCGTAGT-1,6.4998918,-19.037104,5
AAAGGCCTCGTTGA-1,-2.990043,1.8022654,1
AAATACTGACTGTG-1,-11.190522,13.393717,6
AAATACTGCCTACC-1,-9.416798,9.195288,6
AAATCCCTGCGGAA-1,9.391245,-29.078175,7
AAATCCCTGCTGAT-1,-7.751247,-11.115484,8
AAATCCCTGGTGAG-1,-6.568448,19.331617,4
AAATCCCTGTTCTT-1,14.302102,-10.593767,1
AAATCCCTTATGGC-1,0.21323556,5.1875772,1
AAATGGGAGATAAG-1,3.7170088,0.63906276,0
AAATGGGATACTCT-1,-0.60267836,-5.747461,0
AAATTGACCAGCTA-1,-6.47025,12.057409,2
AAATTGACCCTGTC-1,-7.1131563,12.240625,2
AACAATACAAGATG-1,-6.9432607,16.99623,2
AACAATACCAGAAA-1,2.678406,-6.0182734,0
AACACGTGCAACCA-1,14.548934,-7.2123113,5
AACACTCTATTGGC-1,17.485353,-14.951825,3
AACACTCTCTCAAG-1,5.6228223,-6.0301485,0
AACACTCTCTCGCT-1,2.2371442,-7.973777,0
AACACTCTGCTACA-1,2.817837,-7.518734,0
AACACTCTGTTCAG-1,8.972613,-29.013758,7
AACAGAGACCTATT-1,18.200699,-15.159668,3
AACAGAGAGATAGA-1,11.226999,-14.389793,3
AACAGAGATGCTGA-1,16.855267,-14.720588,3
AACATATGCCAACA-1,14.572627,-13.675308,3
AACATATGGCTACA-1,-6.924023,7.211197,1
AACATATGGGAAAT-1,-0.30828688,-11.2349825,0
AACATATGGTTGCA-1,4.255526,1.5745947,0
AACATTGACCGATA-1,-5.5453672,11.905753,2
AACCACGAATTCCT-1,-7.653621,3.394196,0
AACCACGATAACCG-1,-9.45667,-3.0445542,1
AACCCAGATGAAGA-1,7.2177753,-4.1302814,0
AACCGATGTAGACC-1,-12.448755,-3.3054829,1
AACCGATGTTCGTT-1,3.6034365,-1.1363994,0
AACCGCCTGAATAG-1,-2.7681806,10.445122,2
AACCTTACAGTCTG-1,-8.823861,10.663373,6
AACCTTACCTGTTT-1,-10.190878,12.317341,6
AACCTTTGGTCACA-1,-8.443079,21.183708,4
AACGGTTGCGTTAG-1,13.018479,-14.439635,3
AACGGTTGGCTGTA-1,-6.0704737,10.609135,2
AACGGTTGGGAAGC-1,3.484257,-0.5680389,0
AACGTCGAAGTTCG-1,6.1700506,-2.1279418,0
AACGTCGATAGTCG-1,-4.460216,14.447376,2
AACGTTCTACCAGT-1,7.1840844,-0.32862845,0
AACGTTCTCTTAGG-1,5.9130435,3.5706825,0
AACTCACTAAGGTA-1,-9.628631,23.606253,4
AACTCGGATTCTCA-1,-0.6968358,3.150268,1
AACTCTTGGATACC-1,1.5388209,-2.5295546,0
AACTGTCTTTTCGT-1,0.46903768,-6.716159,0
AAGAATCTCTAAGC-1,0.68522257,-1.5384578,0
AAGATGGACGTGTA-1,-8.768507,-1.1636198,1
AAGATGGAGCAGAG-1,15.696633,-14.363163,3
AAGATGGAGTTTGG-1,-9.556165,-0.025298487,8
AAGATGGATCGTGA-1,11.904053,-4.3745537,0
AAGATTACGACAAA-1,-1.5463964,-7.928545,0
AAGCAAGATTCTGT-1,-0.63711166,-5.5637264,0
AAGCACTGATCGTG-1,-6.9736342,22.412716,4
AAGCACTGGCCCTT-1,3.2766058,-4.6312857,0
AAGCCAACAACCTG-1,-10.423136,13.607981,6
AAGCCAACCCGATA-1,-2.6709766,-12.654874,1
AAGCCATGTCACCC-1,0.6226969,2.4318504,1
AAGCCTGACTCAAG-1,-2.8310528,-2.0705268,0
AAGCGACTTTTGCT-1,-9.893493,13.336771,6
AAGCGTACAGTCGT-1,7.6655273,4.7303634,1
AAGGCTACTATCTC-1,-5.5399685,16.96196,2
AAGGCTACTGAGCT-1,8.910436,-10.121109,0
AAGGTCACCCTGTC-1,-10.226743,21.870153,4
AAGGTCACGATAGA-1,6.256205,-18.602037,5
AAGGTCTGCTAGTG-1,-5.560183,8.296438,2
AAGGTCTGGTATGC-1,9.311898,-28.393555,7
AAGTAACTATTTCC-1,-1.1363933,-6.6271477,0
AAGTAACTTGTCTT-1,-4.803996,-8.472223,0
AAGTAACTTTTGTC-1,6.418983,-16.241867,5
AAGTAGGAATTCTC-1,7.9940944,-13.07849,5
AAGTATACACACAC-1,14.40551,-14.721349,3
AAGTATACCCTGTC-1,-10.6306305,1.8231452,8
AAGTATACCTCCAC-1,-7.479416,11.453548,2
AAGTATACTGCGTA-1,-0.093078434,-16.283659,5
AAGTCCGACAAGCT-1,14.219475,-14.588301,3
AAGTCTCTAGGTTC-1,-11.24786,14.348333,6
AAGTGCACGCAAGG-1,-3.0585446,-7.4598927,0
AAGTGCACTCGTGA-1,2.8557296,-1.8597345,0
AAGTGGCTAAGAGT-1,11.843039,-12.708076,3
AAGTGGCTCCATAG-1,-5.788916,21.879051,4
AAGTGGCTTATCTC-1,10.725293,-6.6656117,0
AAGTTATGTTGGTG-1,-3.2616527,3.6461933,1
AATAAGCTCCCTAC-1,-0.5368064,7.8720145,1
AATAGGGATTGGCA-1,13.549852,-13.784,3
AATATCGATTGTGG-1,7.873416,-28.531284,7
AATCAAACATCTCT-1,-0.22668366,-1.4707928,1
AATCCGGAACTCTT-1,3.450179,-5.486794,0
AATCCTACCAGTCA-1,8.848895,-29.4394,7
AATCCTTGAAAGTG-1,-8.184661,20.507124,4
AATCCTTGAGTTCG-1,-2.1993382,14.52815,2
AATCCTTGCCGTAA-1,-5.700458,2.3474028,1
AATCCTTGTGCATG-1,-9.902081,14.2686615,6
AATCTAGACGTTGA-1,-9.740888,10.65594,6
AATCTCTGTTTCTG-1,-4.1194134,11.309786,2
AATGAGGACCTACC-1,7.6377625,-4.817068,0
AATGATACGAATAG-1,-10.931979,22.829762,4
AATGATACTGACTG-1,-7.9154334,12.056912,6
AATGCGTGGGGTGA-1,7.8882127,-28.585228,7
AATGCGTGTTGCTT-1,-5.9295564,11.740169,2
AATGGAGACTGTCC-1,-5.038295,0.5238487,1
AATGGAGAGAACCT-1,-4.221257,11.020188,2
AATGTAACCAGAGG-1,1.7349765,-7.668658,0
AATGTAACGGGTGA-1,14.592713,-7.1735697,5
AATGTAACTATGGC-1,6.9366803,-10.565178,0
AATGTTGATGCTTT-1,3.1253943,-13.583794,5
AATTCCTGAGGGTG-1,-10.04699,19.554993,4
AATTGATGCCGAAT-1,-0.8823638,-16.487179,5
AATTGTGAAAGGGC-1,6.3529725,-19.051615,5
ACAAAGGACCTTAT-1,5.7769337,-7.4856586,0
ACAAAGGAGCAGAG-1,-3.1578362,-5.024639,1
ACAACCGACCGATA-1,-6.3000045,8.524342,2
ACAAGAGAGGTTAC-1,7.228074,-13.004387,5
ACAAGAGATATCTC-1,-6.3656683,-12.130879,8
ACAAGCACTAGTCG-1,-2.425296,-1.8298923,0
ACAATAACTAGAAG-1,7.55501,-3.1371431,0
ACAATCCTTACTCT-1,3.676275,-7.029809,0
ACAATTGATCAAGC-1,-10.285963,12.998315,6
ACACATCTGACAAA-1,-10.651705,-1.7839714,1
ACACCAGAAAGCCT-1,-4.818617,-1.6176683,1
ACACCAGACTTACT-1,0.63839406,-5.9914827,0
ACACCAGATCGTTT-1,-2.262111,6.8698673,1
ACACCCTGGCCATA-1,-8.248207,21.729033,4
ACACGAACAGCATC-1,-9.329061,0.8070384,1
ACACGAACGTCTTT-1,-6.600697,14.313704,2
ACACGATGCTTCGC-1,9.315181,-29.287466,7
ACACGTGAAAGGGC-1,6.978894,-10.60435,0
ACAGTCGATTCGCC-1,-6.8206625,21.547705,4
ACAGTGACAAGCCT-1,1.9095087,-4.1708665,0
ACAGTGACTGATGC-1,2.1473618,-5.7837887,0
ACAGTGACTGGGAG-1,-4.9330254,1.1246592,1
ACAGTTCTCGTGTA-1,-10.780219,11.314467,6
ACATGGTGCCTCGT-1,3.8399878,1.5846504,0
ACATGGTGTAGACC-1,-3.4680655,4.8840046,1
ACATTCTGGCTTAG-1,-2.4212656,7.8483205,1
ACATTCTGGTTCAG-1,1.0720686,-2.8351197,0
ACCACCTGACGGGA-1,1.2594379,-1.0753878,1
ACCACCTGCTCCCA-1,2.0892966,-13.451288,5
ACCACCTGTGCTAG-1,-7.288022,14.135192,2
ACCATTACCCACAA-1,1.3204496,0.6631173,1
ACCATTTGTGTTTC-1,6.1562843,-0.91975826,0
ACCCAAGAGAGGGT-1,-10.566622,-7.3653207,0
ACCCACTGTGTCAG-1,9.302164,-29.271215,7
ACCCAGCTACCTCC-1,17.107609,-14.899969,3
ACCCTCGACTTGAG-1,-9.116443,19.446249,4
ACCGAAACCGAATC-1,-0.097029924,-14.748881,5
ACCGCGGACCGTTC-1,-0.78385514,-16.449707,5
ACCGCGGACTAAGC-1,6.3020597,-13.782575,5
ACCGCGGACTTCGC-1,4.896624,-5.18659,0
ACCGCGGATGCAGT-1,1.7949371,-13.357667,5
ACCGTGCTCGTGAT-1,7.5684476,-3.5278366,0
ACCGTGCTGACAAA-1,8.888354,-4.8203487,0
ACCTGAGACGTGAT-1,-4.1427226,1.8609948,1
ACCTGGCTCACTAG-1,7.714667,-4.609732,0
ACCTTTGACTTGTT-1,9.468582,-4.2277303,0
ACCTTTGATCACCC-1,-8.093968,22.931845,4
ACGAACTGGGAGCA-1,-6.518564,10.814539,2
ACGAAGCTCGCAAT-1,-8.079202,18.397081,4
ACGAAGCTCTGCTC-1,6.18794,-4.84245,0
ACGACAACATTCCT-1,3.6542048,6.7259583,1
ACGACAACTGCGTA-1,7.510301,-3.5515392,0
ACGACCCTGACGAG-1,-1.7649021,0.19716471,1
ACGAGGGATGTCCC-1,1.7154316,-13.3150015,5
ACGAGTACACCCTC-1,-7.7031612,19.356857,4
ACGATCGACTGCAA-1,2.677992,-4.1077914,0
ACGATCGACTGTCC-1,15.638762,-14.3126,3
ACGATCGAGCTCCT-1,2.436176,4.218524,1
ACGCACCTCCTTGC-1,16.267248,-14.621837,3
ACGCCACTACCAAC-1,-1.1276482,1.4820902,1
ACGCCGGACCTTAT-1,-7.086962,0.43512014,1
ACGCTCACGCGAGA-1,-2.578898,-3.45519,0
ACGCTGCTACCGAT-1,-9.1322,19.89715,4
ACGCTGCTAGCATC-1,6.3921824,-1.3133779,0
ACGCTGCTAGGTCT-1,0.5035514,5.8633847,1
ACGCTGCTTTGGCA-1,-3.3041804,9.042595,2
ACGGAGGAAGGTTC-1,-12.503957,-0.8268806,1
ACGGAGGACGCAAT-1,0.99624634,4.342419,1
ACGGATTGGAGGAC-1,0.7733233,-14.941934,1
ACGGCGTGCCTGTC-1,6.7586193,-3.250539,0
ACGGCTCTATGTGC-1,-10.736624,12.92355,6
ACGGCTCTCTGTAG-1,-7.4247084,-11.815116,8
ACGGGAGACAACCA-1,9.318382,-29.159592,7
ACGGGAGACTGAAC-1,5.9315777,4.453806,1
ACGGGAGACTTGAG-1,-3.8362699,7.5762305,2
ACGGGAGATTCAGG-1,14.461736,-13.535044,3
ACGTAGACGGAACG-1,3.684281,-4.126156,0
ACGTCAGACAGAGG-1,-7.297279,-1.5119067,1
ACGTCAGATCAGTG-1,3.2208035,0.98225635,1
ACGTGATGTCAGAC-1,-5.3922725,9.114415,2
ACGTTACTGGACGA-1,16.190609,-14.791806,3
ACGTTACTGGCGAA-1,-6.0604486,13.210603,2
ACGTTTACCGATAC-1,-6.850467,20.124182,4
ACGTTTACTCCTGC-1,12.464327,-12.32319,3
ACTAAAACTCCGTC-1,9.54436,-29.50234,7
ACTACGGACGGTAT-1,2.3099551,-4.17364,0
ACTACGGATGGTAC-1,3.6410098,-3.6394317,0
ACTACGGATGTTCT-1,11.349701,2.6184528,0
ACTACGGATTTGTC-1,0.12350035,0.41341537,1
ACTACTACTCCGAA-1,0.42867044,2.6796985,1
ACTAGGTGAACTGC-1,4.9803004,-5.986678,0
ACTAGGTGATGACC-1,15.221716,-14.040737,3
ACTAGGTGCGGGAA-1,-6.176218,12.782932,2
ACTATCACCCCTCA-1,-9.382289,12.598055,6
ACTATCACGGTACT-1,-8.261536,7.6386256,1
ACTATCACTGAGGG-1,-6.6333294,-0.49406853,1
ACTCCTCTTTTGCT-1,0.70728976,-7.8843412,0
ACTCGAGACTCCCA-1,-10.88828,12.8227215,6
ACTCGCACAGGTTC-1,-3.3738017,5.1594324,1
ACTCTATGAGCTAC-1,-8.048995,9.277703,6
ACTCTATGGATACC-1,0.8227202,-8.873736,0
ACTCTATGTAGCGT-1,7.644894,-6.708933,0
ACTCTCCTCCGATA-1,-8.205796,5.1791143,1
ACTCTCCTGGACTT-1,-7.6524754,21.454832,4
ACTGAGACACACAC-1,-8.910596,21.204182,4
ACTGAGACCCCTTG-1,3.5409186,-4.5811086,0
ACTGAGACCGTCTC-1,-4.356135,8.481211,2
ACTGAGACGAGCTT-1,-10.5577965,1.5996034,8
ACTGCCACGCCTTC-1,1.7943726,-2.1412015,0
ACTGCCTGTAGCGT-1,2.331724,-3.3813894,0
ACTGTTACTTCCGC-1,16.803135,-16.09815,3
ACTTAAGAAACGTC-1,1.1285119,-15.422293,5
ACTTAAGAACCTCC-1,1.9401087,-8.147288,0
ACTTAGCTGTTACG-1,3.1645968,-13.502755,5
ACTTCCCTAAAGTG-1,-7.309913,13.469698,2
ACTTCCCTCCTACC-1,-2.9559252,-7.4290957,0
ACTTCCCTGTGCTA-1,13.622752,-13.256834,3
ACTTCCCTGTGTAC-1,9.807553,-1.8416239,0
ACTTCCCTTCCAAG-1,6.9313374,-4.597617,0
ACTTCTGAAGGTTC-1,-6.109931,7.1587496,1
ACTTGACTAGCTCA-1,-9.95739,11.850713,6
ACTTGACTTCACCC-1,-8.589362,11.931068,6
ACTTGGGACCTTTA-1,-7.5962605,-8.274713,1
ACTTGTACAACGGG-1,1.3245369,-15.492769,5
ACTTGTACCTTGGA-1,0.5324008,-16.036015,5
AGAAACGAACCACA-1,8.957731,-5.1152205,0
AGAAACGACTAGAC-1,-5.098649,15.870513,2
AGAAACGAGTCCTC-1,-0.45577314,1.01329,1
AGAACAGATGGATC-1,0.2895071,2.6152735,1
AGAAGATGCATTTC-1,-6.7467604,21.820625,4
AGAAGATGCTTAGG-1,-6.6420627,5.751064,1
AGAAGATGTGTCCC-1,-1.5264711,1.420156,1
AGACACACGGACTT-1,4.5599256,1.403143,0
AGACCTGAGCTGAT-1,-9.885798,12.547267,6
AGACGTACCTGGAT-1,1.0456218,2.7963989,1
AGACTCGATCTCTA-1,-4.651535,-4.19253,0
AGACTCGATGCACA-1,-11.430649,14.349923,6
AGAGAATGCTTGAG-1,11.227135,-1.7602592,1
AGAGAATGGCCAAT-1,6.602928,1.1536728,1
AGAGAATGTCATTC-1,6.6681976,-2.709381,0
AGAGATGACGTCTC-1,3.4140458,12.496755,1
AGAGCTACCAAAGA-1,2.1306157,9.014316,1
AGAGCTACGAGATA-1,-10.351275,8.8099785,6
AGAGCTACTGTCAG-1,-11.118561,12.13786,6
AGAGGTCTAACCTG-1,-1.9530654,0.903722,1
AGAGTCACGTTGGT-1,-9.828137,21.163393,4
AGAGTCTGAGACTC-1,-5.677889,10.6917,2
AGAGTCTGGCGAAG-1,0.7122149,0.5199866,1
AGATATACGTTCGA-1,-11.727819,11.789691,6
AGATATTGACCACA-1,3.4615383,5.776248,1
AGATCGTGCCTATT-1,-6.4154606,14.1191635,2
AGATCGTGCTTGAG-1,-4.3135166,11.899876,2
AGATCGTGGGTATC-1,11.988635,-6.4292026,0
AGATCGTGGTTCTT-1,3.353646,-2.4703786,0
AGATTCCTGGAACG-1,-7.9039817,22.298306,4
AGATTCCTGTTCGA-1,-4.6916466,7.403775,1
AGCAAAGAATTCCT-1,3.1442544,-8.355354,0
AGCAAGCTGATGAA-1,-1.9794205,7.2962985,1
AGCACAACTCTAGG-1,-4.9057264,14.002095,2
AGCACTGACTATGG-1,-6.907929,8.790404,1
AGCATCGATTTGCT-1,1.6418135,-9.200969,0
AGCATTCTTGGAGG-1,3.4220679,-7.6044335,0
AGCCACCTCTTGGA-1,-1.5991161,-5.095222,0
AGCCGGACCGTGTA-1,6.542864,10.723243,0
AGCCGGACGCCTTC-1,-1.980625,-5.966802,0
AGCCTCACAAGTGA-1,-10.899741,13.18067,6
AGCCTCACACTCAG-1,-8.64317,-0.84177816,1
AGCCTCTGCAGAAA-1,2.0609868,-6.725188,0
AGCGAACTGGCGAA-1,-3.7410257,11.970002,2
AGCGGCTGTAAAGG-1,1.2497283,-15.980027,5
AGCGGGCTACGGGA-1,1.6822613,3.0056493,1
AGCGGGCTTGGCAT-1,4.2489443,-4.161605,0
AGCTGCCTAGAGTA-1,0.5191727,-2.2386796,0
AGCTGCCTATGTCG-1,-9.295515,21.389748,4
AGCTGCCTCCCTTG-1,-8.353848,20.917637,4
AGCTGCCTCTCTTA-1,-4.7176094,-1.5594845,0
AGCTGTGACGATAC-1,-5.252112,16.830494,2
AGCTGTGATTCTCA-1,0.7569354,14.858552,2
AGCTTACTCCTTCG-1,-10.1934395,8.622931,1
AGCTTACTTCAGAC-1,5.943781,-16.58056,5
AGCTTTACCTACGA-1,0.3912725,-4.1728926,0
AGCTTTACTCAGTG-1,-4.767353,2.0642037,1
AGCTTTACTCCTGC-1,-2.7624807,-1.2310343,1
AGGAAATGACAGTC-1,-1.3618821,4.385926,1
AGGAAATGAGAAGT-1,4.3297253,2.3856263,0
AGGAACCTCCTCGT-1,9.570489,-29.518263,7
AGGAATGACGTAAC-1,-8.02834,16.347876,2
AGGAATGACTAGAC-1,8.381057,-27.766096,7
AGGACACTGGTCTA-1,-7.9849386,19.322199,4
AGGACTTGGTGAGG-1,12.235417,-0.06288703,0
AGGACTTGTATCTC-1,7.7984495,8.438579,1
AGGAGTCTCAATCG-1,10.365596,-3.0326824,2
AGGATAGATATCGG-1,0.54822356,9.281707,1
AGGATGCTGAAACA-1,0.36400822,7.045847,1
AGGCAACTGACACT-1,1.3891059,-2.2869747,0
AGGCAACTGGTTCA-1,-1.6064049,-7.3389,0
AGGCCTCTAGTGTC-1,4.433771,-10.959757,0
AGGCCTCTATCAGC-1,1.4119178,-3.7255192,0
AGGCCTCTCGAATC-1,-5.871144,-2.447508,1
AGGCCTCTCTTACT-1,2.2013707,0.24619514,1
AGGGAGTGACGCTA-1,-0.2416878,5.200977,1
AGGGAGTGTGTAGC-1,-3.9020565,1.5933849,1
AGGGCCACCTGCTC-1,9.551535,-29.495358,7
AGGGCGCTACGTTG-1,-11.438795,14.970245,6
AGGGCGCTTCCGAA-1,0.8699425,-0.8571234,1
AGGGCGCTTGGGAG-1,-12.588541,-0.9948179,1
AGGGTTTGAACGTC-1,-0.654357,7.877205,1
AGGTACACGAGAGC-1,-5.349286,4.3713007,1
AGGTACACTCGTTT-1,-6.705705,14.371688,2
AGGTCATGCCATAG-1,-1.016418,-4.174057,0
AGGTCTGAATTCTC-1,3.1060019,-2.5462065,0
AGGTCTGACATTCT-1,-8.766961,1.8438134,1
AGGTGGGAAAGATG-1,-6.860486,7.604581,1
AGGTGGGACAGTCA-1,6.6271853,-4.85322,0
AGGTTGTGGTCAAC-1,-7.306637,16.32708,2
AGTAAGGACCTTTA-1,-6.5342717,-0.082933806,1
AGTAGAGAAGCTCA-1,-4.2672772,10.721403,2
AGTAGAGACCTACC-1,-8.227881,5.290331,2
AGTAGAGATCCTCG-1,-6.4281363,16.762606,2
AGTAGGCTCTCCCA-1,-7.872666,12.759217,2
AGTCACGATGTGAC-1,-0.556429,0.009483286,1
AGTCGCCTATTGGC-1,-6.423466,11.550006,2
AGTCGCCTTTCGTT-1,6.322377,-17.817108,5
AGTCTACTGTCTGA-1,-7.588355,12.116953,2
AGTGACTGGAATCC-1,5.681639,0.83399504,0
AGTGCAACTCTCCG-1,14.964729,-12.398454,3
AGTGCAACTTACCT-1,3.14325,-7.208207,0
AGTGTGACCCTGAA-1,6.24831,-18.08197,5
AGTTAAACTACAGC-1,-0.9722099,-1.4094616,1
AGTTATGAAAAAGC-1,-7.006633,20.585411,4
AGTTATGATAGACC-1,16.235453,-13.780815,3
AGTTATGATGGTGT-1,-2.8412411,0.4171611,1
AGTTCTACGTAAAG-1,0.41001144,6.56901,1
AGTTCTACGTTTGG-1,6.9074883,-7.458008,0
AGTTCTTGCGCTAA-1,1.0255551,5.61497,1
AGTTCTTGGAACCT-1,6.5847974,-2.8531344,0
AGTTCTTGTCCGTC-1,2.2702901,3.073407,1
AGTTGTCTATAAGG-1,-7.185635,-11.566057,8
AGTTGTCTGTTCAG-1,0.57323724,-4.3526993,0
AGTTTGCTTATCTC-1,5.4936166,-3.096346,0
ATAACAACATGACC-1,-1.4031967,17.5188,8
ATAACCCTATGACC-1,6.2295127,-5.716281,0
ATAAGTACTGTGAC-1,-12.92686,2.6812794,1
ATAAGTTGGCTACA-1,6.114101,-14.773025,5
ATAATCGAAGAGGC-1,10.230341,-8.479943,0
ATAATCGAAGCATC-1,-13.535317,11.095647,2
ATACAATGTACGCA-1,3.91085,-3.3505447,0
ATACACCTGGCGAA-1,-6.736342,23.073088,4
ATACCACTCAACCA-1,0.70136344,-3.9210622,0
ATACCACTCCTTAT-1,3.1244645,12.712801,6
ATACCACTTGGTAC-1,-1.1980059,5.5950255,1
ATACCGGATTCTAC-1,1.8374124,-3.8631928,0
ATACCTACCCGTAA-1,-7.913437,21.18818,4
ATACCTACGCTTCC-1,3.227253,-6.529864,0
ATACGGACCGTCTC-1,0.7641511,1.1332605,1
ATACGTCTCCTCAC-1,2.7147732,0.332456,0
ATACTCTGTTTCAC-1,3.381851,-2.8749175,0
ATAGATACTGTTTC-1,4.1619353,-0.13947327,0
ATAGATTGCTATTC-1,-5.4657207,9.47222,2
ATAGATTGTAACGC-1,9.482254,0.39237842,0
ATAGCCGATGCCTC-1,9.824411,-1.710817,1
ATAGCGTGGTTGGT-1,-0.49677733,-4.9966173,0
ATAGGAGAAGAGTA-1,5.648337,-7.3488574,0
ATAGGCTGAGTGTC-1,-1.0694677,-16.55193,5
ATAGGCTGCCACAA-1,-4.146588,3.983299,1
ATAGGCTGCTTGCC-1,1.5304891,3.5295148,1
ATAGGCTGGACGGA-1,-8.660245,22.012619,4
ATAGTCCTATCAGC-1,-8.851268,18.646961,4
ATAGTCCTATTCTC-1,12.102136,-4.386862,0
ATAGTTGATCAGTG-1,-7.096641,-2.430099,1
ATATACGATGGTCA-1,-7.1400385,2.4520836,1
ATATAGTGGGAGCA-1,12.153249,-11.631533,3
ATATAGTGGGCGAA-1,-2.296101,3.5529683,1
ATATGCCTAAGGGC-1,-10.23065,15.900217,6
ATATGCCTTGTGCA-1,2.7364614,-10.059476,0
ATCACACTAAAAGC-1,7.264068,1.2919474,1
ATCACACTACTCTT-1,-9.281486,21.890764,4
ATCACACTCTACTT-1,5.455407,3.0793505,0
ATCACACTGCGAAG-1,-5.133261,16.487568,2
ATCACGGAGCAGTT-1,9.473237,-6.072977,0
ATCACTACCTGAAC-1,18.2519,-15.844412,3
ATCACTACGCGATT-1,6.0166545,2.731496,0
ATCACTTGGAACCT-1,-3.941889,12.319895,2
ATCACTTGTGCTCC-1,7.2466626,-3.6870763,0
ATCATCTGCGAGAG-1,1.063288,6.825702,1
ATCATCTGTCTGGA-1,-10.8339,-4.3554287,1
ATCATGCTACGTGT-1,6.73841,-3.9348567,0
ATCCAGGAAAGGGC-1,-7.4088407,-12.275391,0
ATCCAGGAAGCGTT-1,-8.406449,7.675934,1
ATCCAGGAGGCATT-1,-0.13291332,-6.6002965,0
ATCCATACGGACGA-1,-4.98749,8.719659,2
ATCCCGTGACCAAC-1,5.4206815,-4.6855707,0
ATCCCGTGTCTAGG-1,1.6179342,-8.905385,0
ATCCTAACTTGTGG-1,-3.2866042,-2.2977068,1
ATCGACGACAAAGA-1,4.196209,-1.1819885,0
ATCGACGACCCACT-1,1.3064278,-1.4377571,1
ATCGAGTGCTCTAT-1,4.812666,2.7771158,0
ATCGAGTGCTGACA-1,9.415085,-29.268011,7
ATCGAGTGCTGATG-1,1.5033556,-2.720138,0
ATCGAGTGTCTATC-1,-4.8572583,10.587377,2
ATCGCAGAGGACGA-1,7.0293574,-6.8600893,0
ATCGCAGAGTCGAT-1,-5.146983,15.255372,2
ATCGCCACCGTGAT-1,-3.1046362,1.2333573,1
ATCGCCTGACCTCC-1,0.39463785,-1.0669672,1
ATCGGAACCATGGT-1,-2.9569454,-1.2826031,1
ATCGTTTGGTGCTA-1,8.175078,-28.646057,7
ATCTACACAACGAA-1,2.6724026,-2.202645,0
ATCTACACCCCTCA-1,3.9294658,3.9871092,1
ATCTGTTGCACAAC-1,-10.590519,-7.4311256,0
ATCTGTTGTTGGCA-1,-2.0983737,13.096124,6
ATCTTGACACGGGA-1,-3.9117854,13.929885,2
ATCTTTCTAATCGC-1,-0.6982508,0.46131256,1
ATGAAGGACTTGTT-1,-0.43614006,4.930348,1
ATGACGTGTTCCCG-1,3.9446337,0.369239,0
ATGATAACCCTATT-1,-1.0928229,7.3130465,1
ATGATATGTTGTGG-1,-11.411303,12.599219,6
ATGCAGTGTTCTAC-1,5.0439463,-3.1481493,0
ATGCAGTGTTCTTG-1,0.38137025,-2.5136473,0
ATGCCAGAACCAGT-1,6.3608313,10.705161,1
ATGCCAGACGAACT-1,-9.43244,19.850601,4
ATGCCGCTCGACTA-1,-8.130943,13.9721575,2
ATGCGATGCTCGCT-1,-5.892673,18.015615,2
ATGGTGACGCATCA-1,0.87179613,14.707845,1
ATGTAAACAACCTG-1,13.634332,-14.210652,3
ATGTAAACCCTTTA-1,7.0134425,-4.1070595,0
ATGTAAACTGTCGA-1,-1.7550753,1.68914,1
ATGTACCTGCTATG-1,-2.5552797,-2.546076,1
ATGTCGGAGAGGAC-1,-7.2806363,20.496443,4
ATGTCGGATGAGGG-1,-1.8880417,8.117846,1
ATGTTGCTCATGGT-1,-0.44147533,-10.707262,0
ATGTTGCTTGCGTA-1,13.086052,-14.348766,3
ATTACCACATTCCT-1,-2.1162944,2.0733914,1
ATTACCTGGTACCA-1,-10.773903,7.5280333,2
ATTAGATGACTGTG-1,11.7736,-13.314462,3
ATTAGTGAACCCTC-1,1.239326,3.2145355,1
ATTAGTGATAGAAG-1,-3.3918712,6.6042457,1
ATTCCAACGCGGAA-1,17.355314,-13.364316,3
ATTCCATGACGCAT-1,-5.0832753,14.950477,2
ATTCGACTACGTAC-1,-11.205977,1.6037426,8
ATTCGACTCCTTTA-1,7.7003927,3.4387598,1
ATTCGACTGGTGTT-1,16.950539,-14.92544,3
ATTCGGGAAAGTGA-1,-4.658263,5.6482296,1
ATTCGGGACATACG-1,-8.314113,19.138435,4
ATTGAAACCGAGAG-1,-9.910559,5.950457,6
ATTGCACTCGATAC-1,4.0311007,-2.103404,0
ATTGCACTTGGGAG-1,-6.8253217,5.692496,1
ATTGCGGACCATGA-1,-6.835345,15.144992,2
ATTGCGGATGTGCA-1,8.300536,-28.772785,7
ATTGCTACAAGCAA-1,16.907139,-15.141132,3
ATTGGGTGAAGGCG-1,-7.4983077,-8.564351,8
ATTGGTCTGCGTAT-1,0.11548847,-0.4995873,1
ATTGTAGAAGGGTG-1,8.115012,1.2601721,1
ATTGTAGAGGTAAA-1,-4.930012,16.05525,2
ATTGTAGAGTAGCT-1,8.0632715,-3.704564,0
ATTGTAGATCTTTG-1,6.400297,7.1252356,1
ATTGTCTGTACGAC-1,-4.263674,4.0124245,1
ATTTCCGAGCCAAT-1,-3.9321887,2.6561353,1
ATTTCTCTTATGGC-1,12.568671,-12.906899,3
CAAACTCTATTGGC-1,-5.52296,-0.89927006,0
CAAAGCACGGACAG-1,0.41461205,5.47033,1
CAAATTGACTTCCG-1,-8.233209,21.155857,4
CAAATTGATCTATC-1,-6.195154,4.6572433,1
CAACAGACCTGTAG-1,17.725958,-14.919185,3
CAACAGACTAAGCC-1,3.4735322,0.07814723,0
CAACCAGAATGGTC-1,12.601105,-12.3065605,3
CAACCGCTAGCCTA-1,4.177227,-3.3815193,0
CAACGAACGTACAC-1,6.019455,-17.751173,5
CAACGATGCTCAAG-1,7.1299944,-6.325739,0
CAACGATGGTTCGA-1,7.322363,0.2897546,1
CAACGTGATACGAC-1,-8.856933,13.443511,6
CAAGAAGAACTGTG-1,-4.624553,9.70823,2
CAAGAAGAAGAGAT-1,-5.2196403,16.352615,2
CAAGAAGAGCTACA-1,-3.2301633,8.6584425,1
CAAGACACAACGTC-1,3.5814896,12.290269,1
CAAGACACCTTAGG-1,4.6868267,-16.987917,5
CAAGACTGTACTCT-1,-7.609141,19.346909,4
CAAGCATGTAGAGA-1,-6.456459,3.0819206,0
CAAGCCCTCGTGAT-1,5.2067614,1.8719792,0
CAAGCTGATGGAAA-1,4.8218694,-8.064478,0
CAAGTCGAGTATCG-1,-0.014545152,-3.525815,0
CAATAAACTACTCT-1,8.714568,3.7399883,1
CAATAATGAAAGCA-1,-5.6902556,19.400902,4
CAATAATGTGTCGA-1,1.5969036,1.4405085,1
CAATAATGTTGAGC-1,1.0937858,-15.651418,5
CAATATGACCTGTC-1,0.11854063,9.573579,1
CAATATGATGACCA-1,-9.229977,11.552369,6
CAATCGGAATTCTC-1,-10.521578,20.654163,4
CAATCGGACCCTCA-1,1.4191074,1.1121545,1
CAATGGACTAGACC-1,-3.5880413,4.2618976,1
CAATGGACTGTGCA-1,0.015282935,-0.83510226,1
CAATTCTGGAGCAG-1,-10.769256,2.1705706,8
CACAACGAGTTTCT-1,-7.614761,-4.9229326,1
CACAGAACCGGAGA-1,-6.228791,12.477034,2
CACAGATGAAACAG-1,-7.369155,9.821884,6
CACAGATGGATAAG-1,15.689914,-14.302382,3
CACAGCCTTTACCT-1,9.365699,1.0074036,0
CACCACTGACCACA-1,-5.701892,6.042745,6
CACCACTGCTTGGA-1,-1.5593723,2.4325562,1
CACCCATGCCAAGT-1,6.5539055,0.74027866,0
CACCGTACAGGCGA-1,-7.6979003,20.224934,4
CACCGTACGGCGAA-1,-4.6405096,6.9111404,1
CACCGTTGTTTACC-1,7.2526665,-12.118659,0
CACGAAACTCGTAG-1,-10.613503,-7.518264,0
CACGAAACTCGTGA-1,11.661341,5.8549213,1
CACGCTACAAAGTG-1,2.5762775,10.846211,1
CACGCTACCTGACA-1,6.438819,-17.674932,5
CACGCTACTGTGAC-1,2.1788151,6.581014,0
CACGCTACTGTTTC-1,-5.817143,18.116396,2
CACTAACTGTGTTG-1,13.390365,1.6177201,0
CACTAGGAGGAGCA-1,7.4345646,-5.3376994,0
CACTCCGATGGTCA-1,-6.5879927,4.0448775,1
CACTCTCTATCTTC-1,6.835161,-4.7118826,0
CACTGAGAAAGATG-1,-0.09221712,2.4124975,1
CACTGAGAGTTTCT-1,8.86716,-8.119482,3
CACTGCACTGGTGT-1,-10.783873,13.779651,6
CACTGCTGACACTG-1,6.006612,4.6075873,1
CACTGCTGCGTTAG-1,-1.5005537,-3.016898,0
CACTGCTGTAGAGA-1,-11.838804,13.803183,6
CACTTAACATCACG-1,8.291526,-13.8734,5
CACTTAACCGATAC-1,7.848484,-4.50457,0
CACTTAACTACTTC-1,4.2790194,5.379601,1
CACTTATGAGAGGC-1,2.5055716,1.6614829,1
CACTTATGTGAACC-1,-7.3245687,-10.614025,8
CACTTTGAGAGACG-1,0.56520534,-0.32496324,1
CACTTTGATGAGAA-1,0.20276973,0.040647812,1
CAGAAGCTATGTGC-1,6.3550644,7.251634,1
CAGAAGCTCGACAT-1,-6.3533883,-11.791443,8
CAGAAGCTTCCTGC-1,0.81134474,-4.144952,0
CAGAAGCTTTACTC-1,-0.405043,2.5197334,1
CAGACAACAGAATG-1,7.1583314,5.814415,1
CAGACAACGTCATG-1,4.6736655,-0.0033908184,0
CAGACAACTACTCT-1,-2.0064514,10.161022,2
CAGACAACTGGTAC-1,-1.5684003,2.0805733,1
CAGACCCTCAGAAA-1,7.8029585,-28.624386,7
CAGACCCTCGCCTT-1,4.7125077,-3.6150846,0
CAGACTGAGGACGA-1,-3.4337132,0.40429246,1
CAGAGGGACCCTTG-1,8.385379,-6.4856887,0
CAGAGGGAGCGATT-1,3.8172715,-8.040457,0
CAGAGGGAGGAGCA-1,8.89847,-2.8631797,0
CAGATGACGCTGAT-1,-9.218742,21.361639,4
CAGCACCTGTTGCA-1,1.7149304,0.2379201,1
CAGCACCTTTTGTC-1,-7.9576507,-3.5737674,1
CAGCATGAGACGTT-1,16.988842,-14.716902,3
CAGCCTTGGAATGA-1,-5.7140574,15.345006,2
CAGCCTTGGACACT-1,18.208036,-15.223147,3
CAGCGGACACCATG-1,-4.1211777,6.6179385,1
CAGCGGACCTATTC-1,3.5019188,-2.9651637,0
CAGCGTCTCTCGCT-1,2.9354687,4.2599635,1
CAGCGTCTGTAGGG-1,6.9881635,-1.1791794,0
CAGCGTCTTGCGTA-1,-1.542949,-0.92504567,1
CAGCGTCTTTAGGC-1,5.4233537,6.033087,1
CAGCTCACCTGCAA-1,2.695807,8.400148,1
CAGCTCTGAGGAGC-1,-10.515104,-6.559055,2
CAGCTCTGTTGTCT-1,-4.7624874,12.594041,2
CAGGAACTACCTTT-1,-0.99995416,6.1315823,1
CAGGAACTGCGTTA-1,5.062892,0.88915956,0
CAGGCCGAGCAGAG-1,0.27144653,-2.4625342,0
CAGGCCGAGCAGTT-1,-5.745,2.222171,1
CAGGCCGATCCCAC-1,2.3283553,0.40114406,1
CAGGCCGATTGGTG-1,-4.980516,7.669772,1
CAGGTAACCGGAGA-1,7.5019097,-3.9675367,0
CAGGTAACCTCTAT-1,11.532503,-10.91855,1
CAGGTTGATGTTCT-1,-9.539795,21.006042,4
CAGTCAGATAAGCC-1,4.0502467,-9.670008,0
CAGTGATGGGAACG-1,3.1005833,-9.303778,0
CAGTGTGATCTAGG-1,4.830612,-7.3022285,0
CAGTTACTCACTAG-1,5.9621577,1.9754951,0
CAGTTACTTCAGTG-1,4.405829,1.1174126,0
CAGTTACTTTTGCT-1,0.7724946,-2.9834752,0
CAGTTGGAAGAATG-1,-1.3607444,5.4162,1
CAGTTGGACCTAAG-1,-9.634998,2.8200681,1
CAGTTGGACTTTAC-1,8.7476225,-27.855804,7
CAGTTGGAGTCAAC-1,9.9918165,-3.1855586,0
CAGTTTACATGACC-1,7.6947217,-9.953347,0
CAGTTTACCGCCTT-1,-2.406809,1.2778951,1
CAGTTTACCTGTAG-1,9.2823515,-28.313272,7
CATACTACAGCTCA-1,-10.040202,11.750933,6
CATACTACTTCCAT-1,15.288685,-16.508957,3
CATCATACTTGTGG-1,3.9948459,-0.34551612,0
CATCGCTGCTTTAC-1,19.22584,-14.8616,3
CATCGCTGGGGCAA-1,-13.258974,2.9168992,2
CATCTCCTGGCGAA-1,-0.36760473,-0.13302666,1
CATCTCCTTGCTGA-1,-4.3880134,13.607249,2
CATCTTGAAAGAAC-1,-0.19234179,-5.605542,0
CATCTTGACCTTGC-1,-5.7051888,-5.642883,1
CATCTTGATTACCT-1,8.403118,-13.826941,5
CATGAGACGACGAG-1,0.7276474,-15.116914,0
CATGAGACTGCAGT-1,-5.2900734,16.626852,2
CATGGATGGAGATA-1,-3.9034364,2.8583262,1
CATGGATGTTCCCG-1,-3.2892818,8.083709,1
CATGTACTAACTGC-1,-5.8671675,0.29920143,1
CATGTACTCCATAG-1,-6.2810454,19.780859,4
CATGTTACCTTAGG-1,-7.3195124,14.782465,2
CATGTTACGACGAG-1,0.6642894,-15.800837,5
CATGTTACGCTCCT-1,7.776672,-28.571568,7
CATGTTTGACGCTA-1,-4.809798,-8.417262,1
CATTACACAGCACT-1,2.1637025,5.1410017,1
CATTACACCTCGAA-1,-5.845837,3.378906,1
CATTCCCTACCCAA-1,7.2828074,-12.783992,5
CATTCCCTGACGGA-1,-2.3445902,0.18841358,1
CATTGACTGGTAAA-1,14.2148285,-13.648627,3
CATTGTACACCGAT-1,6.221501,-18.190042,5
CCAAAGTGTCGTAG-1,-0.42137486,-1.2714324,1
CCAAGTGATTCAGG-1,-2.2823985,-4.414482,0
CCAATTTGCAGTTG-1,9.516441,5.002998,0
CCACCATGGACGGA-1,14.546944,-7.215719,5
CCACCTGAACCTAG-1,-9.047992,20.74135,4
CCACCTGAGGCGAA-1,0.19505359,-15.764588,5
CCACGGGACACTTT-1,-8.350669,6.657297,1
CCACTGACGTAAGA-1,0.30273125,1.026504,1
CCACTGTGCATGCA-1,5.818025,-2.1193979,0
CCACTTCTCCTAAG-1,6.154757,-18.36641,5
CCAGCACTCCAAGT-1,-11.161972,22.702497,4
CCAGCACTCTGAAC-1,-8.888751,23.185148,4
CCAGCGGACCCTTG-1,0.51161414,-15.547852,5
CCAGCGGACTGATG-1,-2.57822,5.104503,1
CCAGGTCTCCCACT-1,13.632004,-13.595257,3
CCAGGTCTGTCCTC-1,-2.0567384,9.808248,2
CCAGTCACGCTGAT-1,-2.726631,4.114855,1
CCAGTCTGACCAGT-1,2.821652,-3.1086922,0
CCAGTCTGCATGCA-1,5.8877616,8.759271,1
CCAGTGCTTTACTC-1,9.392698,-28.983358,7
CCATAGGACGGGAA-1,19.151253,-14.857808,3
CCATAGGACTGTAG-1,-8.563574,9.107046,1
CCATATACTTGCAG-1,-0.46299654,5.6367216,1
CCATCCGAAAAACG-1,3.8532422,-5.8235416,0
CCATCCGACTAGAC-1,1.6851999,-2.6161618,0
CCATCCGAGTATGC-1,-1.3369788,8.669414,1
CCATCGTGTGCACA-1,8.394605,-28.417673,7
CCATTAACCTACTT-1,3.0504975,1.5328138,1
CCCAAAGAGTACCA-1,5.920813,-15.7357,5
CCCAAAGATTATCC-1,-6.0344024,10.950745,2
CCCACATGGAGGAC-1,-8.842944,10.351658,6
CCCAGACTAATGCC-1,5.719705,-3.6633184,0
CCCAGACTGGCGAA-1,-8.854998,2.2824266,1
CCCAGACTGTCTTT-1,8.849264,-28.99951,7
CCCAGACTTCCCGT-1,-2.5948038,4.950317,1
CCCAGTTGTACGCA-1,7.8830543,2.4465768,1
CCCATGTGACGGAG-1,0.68273807,1.7174134,1
CCCGAACTCAACCA-1,0.13766381,1.2674416,1
CCCGAACTTATGCG-1,-3.1817093,2.0309532,1
CCCTACGAACCAGT-1,-4.442471,-6.9636316,0
CCCTACGACTGGTA-1,17.003197,-15.046142,3
CCCTACGATCACCC-1,3.8899708,-1.7098442,0
CCCTACGATCAGTG-1,15.089565,-16.23131,3
CCCTAGTGCTGGAT-1,-10.941621,12.534506,6
CCCTCAGAAACTGC-1,2.6155279,-8.346478,0
CCCTCAGATAAGCC-1,4.6560454,-0.2512845,0
CCCTCAGATGTTTC-1,-3.9875238,16.79462,2
CCCTGAACTCAGTG-1,2.1892064,-1.8402745,0
CCCTGATGGAGGTG-1,-0.68317074,6.2685885,1
CCCTTACTTCCTTA-1,8.263287,-5.8723288,0
CCGAAAACTACTTC-1,1.6420721,-0.7290187,0
CCGACACTCCCGTT-1,12.5313225,-12.954863,3
CCGACACTGGGATG-1,-0.6719788,0.69209754,1
CCGACTACGCTTAG-1,-6.1356235,-6.8427896,0
CCGGAGACAACGGG-1,4.269567,-6.9722743,0
CCGGTACTGTCTAG-1,7.7944026,-13.097854,5
CCGGTACTGTGAGG-1,14.5536785,-15.283642,3
CCGTAAGACCAATG-1,0.36777866,7.9536853,1
CCGTAAGACCTCCA-1,1.0394692,-15.1903925,5
CCGTAAGACCTCGT-1,-6.7408514,-11.660782,8
CCGTAAGAGCTATG-1,-3.709526,8.349334,1
CCGTACACCAAGCT-1,-0.18615259,-1.6925074,1
CCTAAACTACACTG-1,0.11604746,9.690476,1
CCTAAACTTTCCCG-1,-10.320445,9.668674,6
CCTAAGGAGTGTTG-1,8.409301,-28.710112,7
CCTAAGGATCAAGC-1,8.330583,-14.087752,5
CCTAGAGAACAGTC-1,-6.1163497,1.1007158,1
CCTAGAGAAGAGAT-1,2.6403582,-1.7529863,0
CCTATAACCAGAGG-1,4.1310163,-3.8342345,0
CCTATTGACTTGGA-1,6.2882147,-1.5389744,0
CCTCATCTCGTTGA-1,2.7516227,-4.8302584,0
CCTCGAACGAGGAC-1,-82.38342,-59.682384,1
CCTCTACTAGTACC-1,-0.3415355,6.7616997,1
CCTCTACTGGTACT-1,-5.162039,20.80333,4
CCTGCAACCGTTAG-1,-1.9281491,2.5349636,1
CCTTCACTATGGTC-1,-10.540102,1.5840437,8
CGAACATGATCGTG-1,-1.2111635,12.650865,6
CGAACATGCTGAGT-1,3.2156978,0.22363563,0
CGAAGACTTCTACT-1,1.4552323,-7.9944563,0
CGAAGGGAGCATCA-1,9.569257,-29.380941,7
CGAATCGACCTATT-1,13.318527,3.9460943,0
CGACAAACAAACGA-1,-1.9063041,-10.729385,0
CGACAAACTCGCCT-1,-8.039142,-2.5613232,1
CGACCACTCACACA-1,3.1415598,-13.619046,5
CGACCACTCACTGA-1,-9.546985,20.559937,4
CGACCGGAAAGAGT-1,-3.030418,-7.820066,0
CGACCGGAACCAGT-1,0.6735012,-5.101841,0
CGACCTACAAACGA-1,5.9144773,4.5043297,1
CGACCTTGTTATCC-1,-0.3067324,0.7979883,1
CGACGTCTCGGAGA-1,8.386363,-12.889429,5
CGACTGCTCCTAAG-1,9.741201,7.4717536,0
CGACTGCTTATCGG-1,-5.243544,2.6973042,1
CGAGAACTACCATG-1,9.609311,-11.945718,0
CGAGCCGACCATGA-1,0.6594792,-1.1769,1
CGAGCCGACTACGA-1,1.9202019,1.9333786,1
CGAGGAGAGTGTTG-1,-9.573389,10.6252,6
CGAGGAGAGTTTCT-1,1.9935763,-5.589335,0
CGAGGAGATGGGAG-1,1.0588799,-0.26236033,1
CGAGGCACTGCAAC-1,18.535757,-14.197021,3
CGAGGCTGGAGGAC-1,7.7814345,-4.868686,0
CGAGGCTGTTCTAC-1,-1.4362571,1.2012924,1
CGAGGGCTACCAGT-1,5.4096465,-2.4311123,0
CGAGTATGGGAGTG-1,-2.039573,11.810333,1
CGAGTATGGTTGCA-1,3.8337815,-4.0239687,0
CGAGTATGTCCCAC-1,-3.0326607,3.6092556,1
CGATACGATTCAGG-1,9.219418,-7.118556,0
CGATAGACGTTAGC-1,-8.354557,-2.3712451,1
CGATCAGACTCTTA-1,10.789452,3.9776638,0
CGATCCACGGAGCA-1,-8.818671,1.3663863,8
CGCACGGAGTGTAC-1,-0.34211212,-7.551348,0
CGCAGGTGCTAGCA-1,3.524004,-1.4689498,0
CGCATAGAAACGAA-1,-8.336558,0.6958567,1
CGCATAGACACTTT-1,10.209799,1.986645,0
CGCATAGAGGTGAG-1,8.999292,-29.035381,7
CGCCATTGGTTGAC-1,-6.285255,1.2670233,2
CGCCATTGTTGCTT-1,-10.548038,1.9237859,8
CGCCGAGAAGAATG-1,-1.6852702,-3.6449366,0
CGCCGAGATATTCC-1,18.429949,-15.64348,3
CGCGAGACCCCAAA-1,1.3873188,8.253607,1
CGCGGATGTGCAAC-1,0.39030755,-16.06907,5
CGCTAAGAGTTACG-1,-4.666951,-2.6624253,1
CGCTACTGCATACG-1,-4.6511984,-2.5163243,1
CGCTCATGAGATGA-1,6.3135304,10.470585,1
CGCTCATGTAAGGA-1,5.1689687,-16.793406,5
CGGAATTGTAACCG-1,-6.951771,12.886317,2
CGGACTCTGTCTAG-1,-10.333708,12.86774,6
CGGAGGCTCTCATT-1,-2.902527,-2.729616,0
CGGATAACCCTACC-1,12.86836,-9.995699,3
CGGATAACGCTAAC-1,1.1762557,-7.1702476,0
CGGATAACGTAAGA-1,14.509962,-7.245024,5
CGGCATCTGGATCT-1,-1.3571378,10.988255,2
CGGTAAACAACGAA-1,-3.7018757,5.886892,1
CGGTACCTGGCGAA-1,-3.0165334,6.0078416,1
CGGTACCTTGTTCT-1,-1.5879031,-6.633593,0
CGTAACGAAGTACC-1,-3.8753881,-3.206466,0
CGTACAGATCTACT-1,-9.22593,12.693619,6
CGTACAGATGTCTT-1,1.5034784,-7.0192614,0
CGTACCACACCATG-1,-3.814657,10.356986,2
CGTACCTGTGTCTT-1,5.7817054,-1.6584985,0
CGTCAAGAGACACT-1,14.562561,-14.336646,3
CGTGATGATTGGTG-1,0.29618144,4.243061,1
CGTGCACTACTAGC-1,2.3944926,2.359837,1
CGTGCACTGACGTT-1,3.6667922,6.7407117,1
CGTTAACTACACTG-1,1.1987442,-1.6882774,0
CGTTAACTCCTACC-1,17.443445,-14.076467,3
CGTTAGGAAGCCAT-1,-1.5270867,0.21131699,1
CGTTAGGACCGAAT-1,-1.9811397,-9.176482,0
CGTTATACGAGAGC-1,2.6689377,5.566492,1
CGTTTAACAAAGCA-1,7.9522567,-13.227506,5
CGTTTAACGTCACA-1,14.865978,-14.388127,3
CTAACTACGCATCA-1,4.7918553,-1.8830581,0
CTAAGGTGCCAACA-1,0.18415864,-6.5082297,0
CTAATGCTGAGACG-1,-2.2409601,7.683626,1
CTACAACTACGGTT-1,-4.729516,15.473406,2
CTACAACTAGAACA-1,-8.141765,20.04244,4
CTACAACTGTGAGG-1,0.7642336,-8.826927,0
CTACGCACCGCCTT-1,15.526468,-14.787313,3
CTACGGCTCCCACT-1,4.7044373,-4.893955,0
CTACGGCTCTAGTG-1,4.375435,1.717265,0
CTACTCCTATCGTG-1,-4.269152,3.059286,1
CTACTCCTCTCGCT-1,-1.176844,0.1456973,1
CTAGAGACACAGCT-1,0.2314288,0.75121886,1
CTAGGATGCATCAG-1,-6.464659,11.7438345,2
CTAGGCCTCGCCTT-1,6.175622,-3.83805,0
CTAGGTGAACTGGT-1,-6.520029,-11.429294,8
CTAGGTGAGTGAGG-1,1.1169484,-6.550273,0
CTAGTTACACAGCT-1,-0.38768044,-4.004359,0
CTAGTTACACCACA-1,-4.1808248,11.665863,2
CTAGTTTGGAGGAC-1,9.057821,2.4816055,0
CTATAAGATGTGGT-1,10.269679,1.9711275,0
CTATACTGACCAAC-1,16.469128,-14.652013,3
CTATACTGGTAAGA-1,7.813089,-28.606876,7
CTATACTGTAGACC-1,0.7119093,-2.3982935,0
CTATCAACTTCTTG-1,-1.1907294,1.7279216,1
CTATCATGCTTCTA-1,-5.714906,1.5768753,1
CTATCCCTAAGGTA-1,4.496459,-0.5927069,0
CTATGACTACGACT-1,-9.447774,11.2900915,6
CTATGACTACGTGT-1,-2.7301025,9.099843,2
CTATGTACACCTAG-1,5.0933337,-8.909858,0
CTATGTACGTTAGC-1,6.3453035,5.517026,1
CTATGTACTCAGAC-1,13.267701,3.9106061,0
CTATTGACCTCTCG-1,7.8532815,-0.4982863,0
CTATTGTGTGTCCC-1,-5.7466464,-1.3440888,1
CTCAGAGATCTAGG-1,-5.3236904,15.975014,2
CTCAGCACGGACGA-1,1.4835392,2.1683512,1
CTCATTGAAAAGTG-1,3.820242,-1.8683965,0
CTCCATCTAATCGC-1,7.323912,-8.598077,0
CTCCATCTTTTCGT-1,0.53561443,-4.226716,0
CTCCGAACTGACAC-1,7.673383,-6.1911902,0
CTCGAAGAGTTGCA-1,-0.8397648,2.7724915,1
CTCGACACTCCTCG-1,-6.8327756,-3.3868952,0
CTCGACACTGGCAT-1,-6.725027,13.723317,2
CTCGACTGCACAAC-1,-7.848826,20.298565,4
CTCGACTGTCGTTT-1,5.3408103,-6.7014647,0
CTCGCATGCTTCTA-1,-7.5995603,3.6583989,1
CTCGCATGGGTACT-1,-6.5795345,10.241598,2
CTCTAAACGCAGAG-1,-0.6222578,-2.316986,0
CTCTAATGGCAGTT-1,-6.466387,15.554681,2
CTGAACGAGTAGGG-1,3.6777904,2.8146017,1
CTGAACGATGCTTT-1,-0.968549,16.258558,8
CTGAAGACGGTGGA-1,-1.5869406,4.8762136,1
CTGAAGTGGAGATA-1,0.21800092,-16.184399,5
CTGAATCTATCTCT-1,0.73616296,1.3698342,1
CTGAATCTGGTGGA-1,5.124497,7.2717996,1
CTGAATCTTCTCGC-1,17.855818,-14.610423,3
CTGACAGACGGAGA-1,3.1434145,-13.558252,5
CTGACCACAGCATC-1,6.167625,-18.106476,5
CTGAGAACTCACGA-1,-7.9280443,3.2086945,0
CTGAGCCTATGCCA-1,-6.7634625,-0.55276936,1
CTGATTTGCTTCTA-1,12.151524,-0.08252196,0
CTGATTTGGGCATT-1,12.536565,-12.991572,3
CTGCCAACCCTTTA-1,-5.6513114,0.7077774,1
CTGCCAACGTGTAC-1,-8.1162405,19.94439,4
CTGCCAACTCTGGA-1,9.4715605,-29.504375,7
CTGCGACTAGCGGA-1,7.58074,4.629755,1
CTGCGACTGCGTAT-1,14.558303,-7.2042413,5
CTGCGACTGGATCT-1,-3.101825,5.9899697,1
CTGCGACTTACGCA-1,-8.822949,22.26934,4
CTGCGACTTGCCTC-1,10.288741,-29.153658,7
CTGCGACTTGGAAA-1,-8.5897455,9.67785,6
CTGGAAACACACCA-1,-0.69057125,-7.4228063,0
CTGGAAACCCGATA-1,-1.7071003,-11.023742,0
CTGGATGATGCAGT-1,-2.6975482,-12.4641,1
CTGGCACTATTCGG-1,1.181122,-7.991727,0
CTGGCACTCCGTAA-1,9.090361,-0.77111256,0
CTGGCACTTCACCC-1,-7.7520733,8.775474,6
CTGGCACTTCCTGC-1,-11.081417,14.378567,6
CTGTAACTGGAAAT-1,0.23058495,1.5507616,1
CTGTGAGAGAAAGT-1,-11.248865,22.763773,4
CTTAAAGAACGTGT-1,-8.3361435,12.597565,6
CTTAAAGAGTGCTA-1,8.674541,-1.9587852,0
CTTAACACCGGGAA-1,-3.53057,-9.918506,1
CTTAAGCTAAAGTG-1,6.1086025,0.36039013,0
CTTAAGCTTGTAGC-1,-10.998083,15.024195,6
CTTACAACCGCCTT-1,-10.017795,14.214165,6
CTTACAACTAGACC-1,-3.8040078,-1.0426611,1
CTTACAACTCGTAG-1,8.422392,-5.122803,0
CTTACTGATTCTTG-1,13.442855,1.679255,1
CTTAGACTTCCAAG-1,-6.5482697,9.733964,2
CTTATCGACGACTA-1,17.995451,-14.900805,3
CTTCATGATTTCTG-1,5.26068,-2.643679,0
CTTCTAGAGACTAC-1,-3.6875558,11.058166,2
CTTGAACTTGGAAA-1,-2.3321748,1.8524003,1
CTTTAGTGGGACGA-1,5.0604825,-3.8342972,0
CTTTCAGAACGGTT-1,12.779653,-12.74074,3
CTTTCAGAAGCGGA-1,-12.795896,9.544507,6
GAAACCTGAACCGT-1,-1.4218848,6.661228,1
GAAAGCCTAAACGA-1,9.490695,-29.690817,7
GAAAGCCTGCGGAA-1,6.2143307,-18.402836,5
GAAATACTTCGATG-1,-0.95641005,1.5058064,1
GAAATACTTTTCGT-1,-3.056578,-5.996877,1
GAACACACATGTCG-1,0.14422637,8.35631,1
GAACACACGTAGCT-1,6.6692266,-13.219079,5
GAACACACGTCATG-1,-1.9078602,1.4890704,1
GAACAGCTCGTGAT-1,5.897464,-0.4889659,0
GAACCAACCGCTAA-1,-7.84282,13.6650915,2
GAACCTGAACGCTA-1,-6.6543217,-2.2776666,1
GAACGGGAAGTAGA-1,4.741067,1.8218334,0
GAACGGGATGTGGT-1,-6.98611,11.256614,2
GAAGAATGCTAGAC-1,11.70955,5.876714,0
GAAGCGGAACAGTC-1,-6.853503,7.0201807,1
GAAGCGGAGTGTTG-1,7.85323,-1.760583,0
GAAGCTTGCACAAC-1,8.890191,-0.8874264,0
GAAGGTCTGGTTAC-1,-5.3686156,5.1776357,1
GAAGTAGAGGTAAA-1,-4.233341,14.927092,2
GAAGTCACAACCTG-1,-1.0540651,13.91582,6
GAAGTCACAAGCAA-1,13.837988,-12.472604,3
GAAGTCACGCCCTT-1,-6.419024,21.02234,4
GAAGTCACTTGCGA-1,7.602929,-1.1872267,0
GAAGTCTGTTTCAC-1,6.30379,-2.917987,0
GAAGTGCTACCAAC-1,0.3413495,3.4292548,1
GAATGCACGAACTC-1,7.1182675,-14.549501,5
GAATGCACGCTTCC-1,5.322352,-0.6550683,0
GAATGCTGATTCCT-1,9.068997,-27.339142,7
GAATGCTGGTACGT-1,0.46808395,0.46065155,1
GAATGGCTGACGTT-1,-0.31558952,5.0285964,1
GAATGGCTGTAAGA-1,-1.1182157,-3.5762963,1
GACAACACCATGCA-1,-7.955321,-6.6378818,1
GACAACTGACGTTG-1,-11.209722,4.541738,2
GACAACTGGTATGC-1,3.016808,-6.537355,0
GACAGGGACGTTGA-1,-8.658294,5.245862,2
GACAGTACAGCGTT-1,-7.6735153,19.765415,4
GACATTCTAGTGTC-1,-8.172741,20.847422,4
GACATTCTTAGCGT-1,7.78213,-28.66822,7
GACCAAACTGATGC-1,9.485029,-29.365973,7
GACCATGAAATCGC-1,-94.872284,-37.64525,1
GACCATGATGACCA-1,-3.856234,-5.0911083,0
GACCTAGAATTCGG-1,-4.0385833,8.279737,1
GACCTAGACAGCTA-1,6.4990244,-15.191278,0
GACCTCACCCTGTC-1,18.829052,-14.724035,3
GACCTCTGCTGCAA-1,8.16789,0.46819636,0
GACGAGGAATCAGC-1,14.946101,-12.888697,3
GACGATTGACTACG-1,15.853517,-14.887252,3
GACGATTGTGACCA-1,-3.834524,1.6522498,1
GACGCCGACCCTAC-1,-10.875908,-4.4171085,1
GACGCTCTCACTTT-1,-7.3445573,-11.513434,8
GACGCTCTGAGCAG-1,-7.136149,-2.4581356,1
GACGCTCTTGTGCA-1,1.7071043,9.800821,6
GACGTAACTGTCCC-1,1.178954,4.970214,1
GACGTAACTTACTC-1,1.7476362,-4.546565,0
GACTACGAAACTGC-1,-8.058655,20.571098,4
GACTACGATTCTGT-1,6.950277,-13.307829,5
GACTCCTGGTAGGG-1,-6.005166,13.415302,2
GACTGTGATTCGGA-1,15.984845,-15.416141,3
GACTTTACACCCAA-1,2.6702137,-1.2086452,1
GACTTTACGCTGAT-1,2.1699097,-4.6877728,0
GACTTTACTTACTC-1,-10.520588,1.3035293,8
GAGATAGAACGACT-1,2.909177,-0.44836682,1
GAGATAGACGTGTA-1,0.5334303,-16.49889,5
GAGATGCTGATGAA-1,-0.3999822,-4.709119,0
GAGCAGGAGTAAAG-1,2.1973739,0.4322327,1
GAGCATACAGGGTG-1,-8.515036,22.220373,4
GAGCGAGACATTCT-1,1.2895434,-4.6690636,0
GAGCGAGACTCAGA-1,9.406908,-29.350733,7
GAGCGAGAGTCTGA-1,-4.4208155,7.2484646,1
GAGCGCACTGAGGG-1,1.3660171,-3.4998832,1
GAGCGGCTTCCTAT-1,-7.345648,21.094738,4
GAGCGGCTTGTCGA-1,5.689379,-3.7661653,0
GAGGACGACGTACA-1,15.666016,-13.574568,3
GAGGCAGATCAAGC-1,-5.712256,-4.326256,0
GAGGCCACGACTAC-1,7.4854965,-12.988258,5
GAGGCCACTCGATG-1,4.406727,2.7574503,0
GAGGGAACCTACTT-1,1.0998776,-3.1709101,0
GAGGGCCTAAGTGA-1,-7.613805,7.4070888,1
GAGGGTGATGCGTA-1,6.4538927,7.1179414,1
GAGGTGGACTGTGA-1,2.8671873,1.8272604,1
GAGGTTACTCAGAC-1,4.603851,-8.434442,0
GAGTACACATCTCT-1,-9.707636,11.657773,6
GAGTCTGAATACCG-1,-2.0637226,6.030238,1
GAGTCTGATTACTC-1,1.6956697,-6.5650373,0
GAGTGACTCTACCC-1,-9.087733,20.996943,4
GATAATACCATTCT-1,15.548273,-14.897481,3
GATACTCTATGTCG-1,-8.175209,19.430027,4
GATACTCTGAAACA-1,6.4363246,-5.641313,0
GATACTCTTGAGCT-1,7.8686314,-13.402965,5
GATAGAGAAACCAC-1,-5.6124463,-5.548592,1
GATAGAGATGCTCC-1,1.635038,-13.129593,5
GATATAACAGCTAC-1,-7.5080605,20.929737,4
GATATAACTCTTTG-1,5.910516,1.7893153,0
GATATATGCTGGTA-1,16.253132,-14.9401,3
GATATATGCTTACT-1,12.153569,-12.43314,3
GATATTGAACCTAG-1,1.546799,0.270259,1
GATATTGACTGGTA-1,8.765439,-28.845972,7
GATATTGATCTCGC-1,-4.465098,5.099253,1
GATCCGCTTGCCAA-1,17.64192,-14.959543,3
GATCGAACATGCCA-1,-8.782664,2.1609714,2
GATCGATGGTTGAC-1,-12.397848,-3.2824185,1
GATCTACTTCCAGA-1,1.2058663,-7.782327,0
GATCTTACGCTTCC-1,14.568373,-7.1924324,5
GATCTTTGGTAAGA-1,-7.515715,-10.303284,8
GATGACACAGTCGT-1,-10.315077,12.841801,6
GATGACACGACGAG-1,-6.725356,13.376724,2
GATGCAACTACTCT-1,-2.934175,11.403804,2
GATGCATGTCTATC-1,4.978398,-4.076899,0
GATGCCCTTCCTTA-1,-0.8370601,-16.464525,5
GATTACCTTCTTTG-1,2.0322785,7.2968707,1
GATTCGGAAGAATG-1,-7.1902523,1.3839182,1
GATTCGGAGTCTTT-1,2.9603431,3.6993496,1
GATTCTTGGTAAAG-1,1.6208255,5.690252,1
GATTCTTGTGGTAC-1,-5.5373144,4.1150417,1
GATTGGACGACGAG-1,-8.957656,10.587938,6
GATTGGACGGAGTG-1,14.3168955,-13.296423,3
GATTGGACGTCAAC-1,-2.2010188,-5.339498,0
GATTGGTGCCTCCA-1,-2.9403088,-4.833476,0
GATTGGTGGCGATT-1,11.538804,-4.419465,0
GATTTAGAGCGATT-1,-9.569209,9.804086,6
GATTTGCTAATCGC-1,-3.1852512,6.0819874,1
GATTTGCTCACTTT-1,1.2640431,1.7553155,1
GATTTGCTGACACT-1,5.0685353,1.3908317,0
GATTTGCTTCTCTA-1,-2.3859453,-1.0967305,1
GCAAACTGAAGGCG-1,0.8263608,0.032286763,1
GCAAACTGAGAACA-1,4.499784,0.043768022,0
GCAAACTGATACCG-1,8.080252,-3.6953938,0
GCAACTGACTGAGT-1,9.556759,0.42137277,0
GCAATCGACTTTAC-1,-8.784344,10.930833,6
GCAATTCTACGACT-1,-4.572524,16.512812,2
GCAATTCTCCTTCG-1,-8.131513,12.674481,6
GCAATTCTTGCTTT-1,3.1089823,-1.1982948,0
GCACAAACGTGTAC-1,13.738369,-3.3675797,0
GCACAAACTGAGAA-1,-11.428725,9.865152,6
GCACAATGGCCCTT-1,-8.874404,2.0301397,1
GCACAATGTACTCT-1,5.35259,-3.8523774,0
GCACACCTCGACTA-1,2.1335776,-0.9792118,1
GCACACCTTCGCAA-1,-3.1465063,-0.7015966,1
GCACCACTACCACA-1,-0.21492386,0.12435315,1
GCACCACTACTCAG-1,-11.149163,4.555096,2
GCACCTACCTCAGA-1,-6.5962176,16.705954,2
GCACCTTGACGCTA-1,9.194092,-2.2955606,0
GCACCTTGGCCAAT-1,-6.358838,13.868075,2
GCACCTTGGGGCAA-1,4.360076,-16.951693,5
GCACGTCTATGTCG-1,4.786065,3.1067555,0
GCACGTCTCGTACA-1,6.4623575,-15.186581,5
GCACGTCTGACACT-1,-2.8943272,2.9595568,1
GCACTGCTCACTTT-1,5.7182946,-9.851684,0
GCAGCGTGAACGTC-1,-0.5442443,-0.5545441,1
GCAGCGTGAGCCAT-1,-0.21312542,-2.2921932,0
GCAGCGTGCGACTA-1,9.423345,-27.62457,7
GCAGCTCTAAGCCT-1,-10.913386,-4.4447045,0
GCAGCTCTTGCTTT-1,-8.133132,22.268816,4
GCAGTCCTGTTGAC-1,2.09264,7.4575834,1
GCAGTTGAAACGGG-1,-0.38584736,-10.913466,0
GCATCAGATTCCAT-1,5.8341937,-8.993668,0
GCATGATGGGGTGA-1,-2.0276606,3.9936807,1
GCATGATGTTCTCA-1,-6.2551584,-6.8307533,0
GCATGTGAGACTAC-1,17.599892,-14.573028,3
GCATTGGAATCACG-1,7.7516913,8.395482,1
GCCAAATGCGGGAA-1,8.620392,1.8440604,0
GCCAACCTCCACCT-1,2.5904944,3.1509888,1
GCCAACCTGTGAGG-1,1.6399857,-13.208194,5
GCCAACCTTGATGC-1,6.5938535,-13.3305855,5
GCCACGGACTGAGT-1,-5.897339,13.119154,2
GCCACTACCCGAAT-1,0.34200054,-0.117302336,1
GCCACTACGGTCAT-1,9.335272,-5.331932,0
GCCATCACATGTCG-1,4.716577,-4.9573474,0
GCCATCACCGACTA-1,-0.36384672,-8.898195,0
GCCATGCTCCGTAA-1,9.051401,-29.098673,7
GCCATGCTGCGTTA-1,4.614118,-5.839873,0
GCCATGCTGGTCAT-1,8.113942,-5.4367976,0
GCCATGCTTTCATC-1,9.065009,-29.132713,7
GCCCAACTATCTCT-1,-0.6119354,-7.7116566,0
GCCCATACATTGGC-1,1.2149329,-0.5028919,1
GCCCATACGACGAG-1,6.1020384,-16.668722,5
GCCGACGATGGTGT-1,2.9218767,-9.703829,0
GCCGGAACATGGTC-1,2.1382875,2.5784214,1
GCCGGAACCAGAAA-1,9.319759,-5.9773755,0
GCCGGAACTCAAGC-1,8.554091,-3.5285718,0
GCCGGAACTTGAGC-1,2.0399823,-7.1972547,0
GCCGTACTCTTGTT-1,-12.325283,-0.39292097,1
GCCGTACTGAGACG-1,-3.391,13.697562,2
GCCGTACTGTACCA-1,8.077293,-28.56318,7
GCCTACACAGACTC-1,-8.516576,20.55398,4
GCCTACACCTACGA-1,7.9547343,-3.1561625,0
GCCTAGCTACGCTA-1,7.0169897,-12.573739,5
GCCTAGCTCGAGAG-1,-9.945001,23.051153,4
GCCTAGCTGATAGA-1,-6.5976987,17.512823,2
GCCTAGCTGCGAAG-1,8.2121105,-13.28128,5
GCCTCATGCTGGAT-1,-11.04561,13.711111,6
GCCTGACTGCCCTT-1,-10.465992,-6.920973,0
GCCTGACTTGTTTC-1,2.8132427,-5.347457,0
GCGAAGGAAAAGCA-1,-0.66054773,11.644816,1
GCGAAGGATAAGGA-1,0.689987,2.167793,1
GCGAGCACCCGATA-1,-3.6714876,-2.9703994,0
GCGAGCACTAGCGT-1,4.4359956,-1.286522,0
GCGATATGCTTGCC-1,-2.2609034,2.627576,1
GCGATATGGTTGAC-1,-5.2152724,17.301569,2
GCGCACGACCATGA-1,-6.5007224,-9.9515505,8
GCGCACGACGTGTA-1,-6.733294,-11.481911,8
GCGCACGATGACTG-1,6.3810143,0.63229305,0
GCGCGAACGTCGTA-1,-0.24930537,-4.9452295,0
GCGCGATGTAGTCG-1,17.069107,-14.98678,3
GCGGCAACTGCTTT-1,3.1710505,-1.8691689,0
GCGGCAACTTACTC-1,-4.1590753,-1.0177847,1
GCGGGACTGGCAAG-1,-9.753247,5.80558,1
GCGTACCTAAGTGA-1,8.300168,-27.628695,7
GCGTACCTGGAACG-1,5.384669,-17.174288,5
GCGTACCTTCGACA-1,-2.166765,0.7288195,1
GCGTATGATCTCCG-1,-1.0705234,1.1354655,1
GCTAGAACACTTTC-1,-4.6635795,-0.51977515,1
GCTAGAACCATGCA-1,-2.9570587,-0.050612736,1
GCTAGATGGGTGTT-1,3.0906951,-9.911539,0
GCTATACTATTCTC-1,-4.873141,11.069358,2
GCTATACTGCTGAT-1,-8.478023,-5.1257663,1
GCTCAAGAAACCTG-1,-1.992121,-9.003823,0
GCTCAAGATTCCCG-1,-7.3168697,-2.3848832,1
GCTCCATGTTCAGG-1,6.404603,-3.3061836,0
GCTCCATGTTCATC-1,7.5292783,-5.8725405,0
GCTCGACTTCCTGC-1,-7.8958154,-9.935148,8
GCTGATGATCTTAC-1,-8.534381,-5.134291,1
GCTGATGATGTGGT-1,-11.1755085,13.819433,6
GCTTAACTGCGAGA-1,3.8211012,-5.2159014,0
GCTTAACTGTCTTT-1,0.6642063,1.5677985,1
GGAACACTTTGCTT-1,-12.389785,13.013327,6
GGAACTACAGTCTG-1,9.17149,4.797604,0
GGAACTACATTCTC-1,-1.12561,2.5290418,1
GGAACTACTCTACT-1,-8.789607,9.83916,6
GGAAGGACATTTCC-1,-8.374953,11.615411,6
GGAAGGACGTGCAT-1,-1.9431672,5.1255627,1
GGAAGGTGCGACAT-1,-1.8156178,2.2087543,1
GGAAGGTGTCTAGG-1,-4.30053,-6.87688,0
GGAATCTGACTTTC-1,7.5308356,1.9130028,1
GGAATCTGCAGGAG-1,5.5091195,-17.783108,5
GGAATGCTTGTTTC-1,6.336555,-4.6893926,0
GGACAACTGAATGA-1,14.31011,-0.9828587,0
GGACAACTTCGTAG-1,-6.04165,9.987934,2
GGACAACTTTCTAC-1,-6.8918242,8.917048,2
GGACCCGAACACAC-1,7.016126,3.5391738,1
GGACCCGACCATAG-1,-6.580527,14.956752,2
GGACCTCTAGAGTA-1,-9.263223,3.9689455,1
GGACCTCTCGGGAA-1,0.88611144,-4.0010715,0
GGACCTCTTCTACT-1,6.181689,-17.926641,5
GGACGAGACGAATC-1,7.3321104,-12.733022,5
GGACGCACATCACG-1,1.9517881,6.4493165,1
GGACGCACTACTTC-1,-7.571835,13.085933,2
GGACGCACTCCAAG-1,-5.224062,10.434806,2
GGACTATGGCAAGG-1,10.2407875,-12.021751,3
GGACTATGGCTTCC-1,-7.134234,-2.772311,0
GGACTATGTTGTGG-1,9.046264,-28.278513,7
GGAGAGACAGATCC-1,0.6694937,4.6323214,1
GGAGAGACTCCAAG-1,-11.141548,21.652943,4
GGAGAGACTCTATC-1,-5.015186,10.507815,2
GGAGAGACTTTCTG-1,-10.009511,12.518737,6
GGAGCAGATGCTCC-1,0.32944146,-5.6564426,0
GGAGGATGTGTTCT-1,-8.886022,10.889157,6
GGAGGTGACCTCGT-1,2.1506135,-6.5953875,0
GGAGTTACAAAACG-1,-8.005687,-0.08337474,0
GGATAGCTGTCGTA-1,4.12153,-9.802556,0
GGATAGCTTTATCC-1,2.481611,-7.027792,0
GGATGTACGATAAG-1,13.062188,-11.5782,3
GGATGTTGAACAGA-1,-5.050101,0.3382211,1
GGCAAGGAAGGCGA-1,-1.7748997,-2.1485846,0
GGCAATACTATCGG-1,-9.6240015,11.496488,6
GGCAATACTCCGTC-1,-0.109315395,-2.9496007,1
GGCACGTGTTCGTT-1,-5.7483363,15.153233,2
GGCATATGACCACA-1,-1.2221518,-1.0698335,1
GGCATATGCAGCTA-1,-0.6910233,4.2319627,1
GGCATATGGACGTT-1,1.5846368,-2.2918508,0
GGCCAGACCTTCCG-1,-7.423924,18.551487,4
GGCCCAGATTGCTT-1,1.1870458,11.421228,0
GGCCGATGAACCTG-1,9.434379,-7.2665334,0
GGCCGATGCGCTAA-1,-6.096954,-6.9298143,0
GGCCGATGGCGATT-1,4.8077955,-6.2742553,0
GGCGACACGTGTTG-1,-2.6550844,10.132807,1
GGCGACACTACTCT-1,-4.306565,5.2197056,1
GGCGCATGGAAAGT-1,6.2675757,-18.59821,5
GGCGCATGTCCTGC-1,-3.1944354,-8.80415,0
GGCGGACTACGGAG-1,-10.1334,16.388828,4
GGCGGACTGTTGGT-1,-5.2350698,11.393165,2
GGCTAATGCTCAAG-1,3.218442,-8.73992,0
GGCTACCTGGTGAG-1,2.524079,-9.961509,0
GGCTACCTTGTCTT-1,16.459402,-14.78913,3
GGGAAGACGATAGA-1,-0.57686675,-0.9862549,1
GGGAAGTGGAGGTG-1,-4.300262,-4.0675464,0
GGGAAGTGGTGAGG-1,-8.141253,21.706444,4
GGGACCACAGAAGT-1,15.285763,-13.997016,3
GGGACCACTGTTCT-1,-0.8944756,1.0481809,1
GGGACCTGGTACCA-1,7.9017124,-12.244604,5
GGGATGGAAGCAAA-1,3.9221895,0.88964856,0
GGGATTACCGAGTT-1,9.630466,-4.042608,0
GGGCAAGAAGTGTC-1,2.37948,-1.551355,1
GGGCAGCTAAGTAG-1,14.537376,-13.523646,3
GGGCAGCTTTCATC-1,2.2015882,-3.3946977,0
GGGCCATGCGTAAC-1,-6.322325,16.900581,2
GGGTTAACCCTACC-1,-11.076049,6.524136,1
GGGTTATGAGAGTA-1,1.2107574,11.342053,1
GGGTTATGTGCTAG-1,-5.4227996,12.748689,2
GGTAAAGAGGTGAG-1,3.936054,-2.8035436,0
GGTACAACAAGAAC-1,-7.971823,21.290928,4
GGTACAACCTTAGG-1,9.261359,-29.11467,7
GGTACAACTCTCAT-1,6.4424934,-3.3080528,0
GGTAGTACGCCTTC-1,1.556247,-7.019525,0
GGTAGTACTTGCTT-1,-4.7187963,8.31465,1
GGTATGACGGCATT-1,7.5255685,-1.9392269,0
GGTATGACGGTCTA-1,-1.3211699,3.9208653,1
GGTCTAGAAGTCTG-1,-0.16480134,-0.8024834,1
GGTCTAGACTTCGC-1,4.4514565,-6.091987,0
GGTCTAGAGACGGA-1,4.019853,9.3091955,1
GGTCTAGATTATCC-1,-1.923487,6.527656,1
GGTTGAACTACTTC-1,1.3826523,4.8453813,1
GGTTTACTACGCAT-1,0.11239061,5.086073,1
GTAACGTGGCTCCT-1,0.5415628,-7.624565,0
GTAAGCACCCAGTA-1,9.139229,4.827858,0
GTAAGCTGAGAACA-1,14.237006,-14.570123,3
GTAAGCTGCCTTTA-1,6.3521595,-19.053915,5
GTAATATGTGCAAC-1,18.11894,-14.936248,3
GTACCCTGACACCA-1,0.2387965,-1.4426655,1
GTACGAACACCGAT-1,4.1028914,-2.809789,0
GTACGAACCCTTTA-1,-5.6547866,6.765117,1
GTACGAACTGACTG-1,1.5079207,-6.682958,0
GTACTTTGACCTAG-1,8.236286,-2.7981231,0
GTAGACTGTCCGTC-1,-11.122692,21.62667,4
GTAGCCCTCCATGA-1,-4.1544447,14.301757,2
GTAGCCCTGCTAAC-1,-4.343307,0.9819455,1
GTAGCCCTGGTCAT-1,6.680075,2.227408,0
GTAGGTACACGTGT-1,1.529006,-3.8017004,0
GTAGGTACTCCTCG-1,7.203327,-13.045142,5
GTAGTCGACCGTTC-1,13.998997,-16.38898,3
GTAGTCGAGGTCTA-1,0.64151037,-5.598684,0
GTAGTGACAAAGTG-1,-8.854885,22.271235,4
GTATCACTGTGCAT-1,-4.1798697,9.091463,2
GTATGGTGGTAGGG-1,-3.038044,-4.1643558,0
GTATTAGAGCCCTT-1,14.5552225,-15.399901,3
GTATTAGATGCTGA-1,6.2460003,-18.28455,5
GTATTCACATCACG-1,3.1063519,-6.116707,0
GTATTCACGAGATA-1,1.0188217,4.9442263,1
GTCAATCTCTCTCG-1,0.8819483,-5.1315746,0
GTCAATCTTGTCGA-1,4.5236588,8.500129,1
GTCACAGACCGTTC-1,2.8031685,5.804837,1
GTCACAGAGGTATC-1,0.1951198,-4.911052,0
GTCACCTGATGCCA-1,3.3316092,2.9227126,1
GTCATACTCCACCT-1,11.097736,0.87526083,0
GTCCACACCCTTTA-1,1.724427,9.455481,1
GTCCACACGCTTAG-1,5.2516227,0.35136646,0
GTCCAGCTAAAAGC-1,-0.89094704,0.5275233,1
GTCCAGCTTGAACC-1,9.888481,3.432338,1
GTCCAGCTTGAAGA-1,-11.009563,13.276374,6
GTCGAATGCTGTGA-1,0.24997397,1.3284307,1
GTCGACCTCTGTCC-1,18.055832,-15.073915,3
GTCGCACTCATTTC-1,4.875646,3.3047054,0
GTCTAACTAAAAGC-1,-1.3018374,-1.5854952,0
GTCTAACTTCAGGT-1,-8.929914,19.752178,4
GTCTAGGAAACTGC-1,1.0957999,1.0091118,1
GTCTAGGATGCAAC-1,6.854982,-2.5480669,0
GTCTGAGAAGAAGT-1,-7.8923364,19.731667,4
GTCTGAGACTGCAA-1,8.928034,9.839025,1
GTGAACACAGGAGC-1,-3.8296435,9.895503,2
GTGACAACCACTCC-1,1.2779886,-8.353059,0
GTGACCCTCAGGAG-1,17.246666,-14.834952,3
GTGAGGGATCCTAT-1,-1.5116355,4.7644396,1
GTGATGACCCGTTC-1,-8.710826,8.347593,2
GTGATGACTGCTAG-1,-5.881824,11.528966,2
GTGATTCTCCTCGT-1,-7.640355,19.861584,4
GTGATTCTCTCTCG-1,1.7763417,-4.2215977,0
GTGATTCTTTCGGA-1,-1.2119794,0.6133967,1
GTGCAAACGGTCAT-1,16.995953,-15.263307,3
GTGCCACTCTATTC-1,2.5148456,-0.76513684,1
GTGCCACTTTGACG-1,-10.236449,13.203483,6
GTGCTAGATCCTGC-1,8.354203,-14.0168295,5
GTGGAGGAAGCTAC-1,-6.4706507,11.958141,2
GTGGAGGAGTTACG-1,3.8344977,6.972563,1
GTGGTAACTGACCA-1,16.213364,-14.738158,3
GTGTACGATTCTCA-1,-2.8230362,1.4075369,1
GTGTAGTGCTTGTT-1,6.3721437,-18.902424,5
GTTAACCTAAGGTA-1,-8.820392,-1.2475802,1
GTTAACCTAGAAGT-1,5.1193404,-5.860866,0
GTTACGGATCCAGA-1,2.646222,1.1184734,1
GTTACTACCCAGTA-1,-4.4910855,11.631513,2
GTTACTACGCGTTA-1,16.875017,-15.908988,3
GTTAGGTGAGCAAA-1,-12.411073,7.6488194,1
GTTAGTCTAACCAC-1,-2.3641348,11.185866,2
GTTAGTCTTTACCT-1,-11.363325,14.638801,6
GTTATAGACCGATA-1,4.6007257,10.995335,0
GTTATGCTACCTTT-1,-0.415156,-9.017843,0
GTTCAACTACCTTT-1,-7.8930154,19.728989,4
GTTCAGGACTCGCT-1,-4.1451383,10.489177,2
GTTCATACGCAGTT-1,3.734278,3.3531847,1
GTTGGATGAACCTG-1,4.961292,-11.643754,5
GTTGGATGGCTTCC-1,4.0039515,4.730818,1
GTTGGATGGTTGAC-1,8.014506,-28.41042,7
GTTGTACTACTGGT-1,14.251315,-12.528004,3
GTTGTACTCTGTAG-1,-0.8362236,-3.289508,0
GTTGTACTTGGTTG-1,-4.646539,16.2481,2
GTTGTACTTTGCTT-1,-2.3357027,-3.7370605,0
TAAACAACCGCAAT-1,9.688051,5.0861654,0
TAAACAACTCCAAG-1,3.3781598,9.793942,1
TAAAGACTTGACAC-1,-88.10537,-11.037372,0
TAAATCGAGGTCTA-1,6.7427354,2.4794343,0
TAACAATGCGTACA-1,5.6921387,-3.9358017,0
TAACACCTGGACGA-1,4.01476,-4.5936265,0
TAACATGACCACAA-1,-2.340346,6.114517,1
TAACCGGAAGGCGA-1,-6.142131,21.361229,4
TAACGTCTACACTG-1,-4.695657,12.911315,2
TAACGTCTGGACAG-1,-6.800733,-4.9705744,1
TAACGTCTTGACTG-1,-6.934432,-4.86154,1
TAACTAGAGACGGA-1,8.679332,-4.1710687,0
TAACTAGATTCGCC-1,6.0426393,-3.5155532,0
TAACTCACCTCCAC-1,1.2972596,-8.293809,0
TAACTCACTGCCCT-1,2.1077018,-6.868891,0
TAAGAACTGTCCTC-1,-5.4382696,11.458673,2
TAAGATACCCAATG-1,-6.1634483,21.032585,4
TAAGATTGGGCGAA-1,-0.6388073,-9.803008,0
TAAGCGTGCCCGTT-1,-8.14189,21.67662,4
TAAGCTCTAACGTC-1,-3.3312771,0.7296206,1
TAAGCTCTCTTCCG-1,0.5271474,3.1715164,1
TAAGGCTGTAGCCA-1,-9.601522,10.139801,6
TAAGTAACGCTGAT-1,10.184218,-5.2370214,0
TAAGTAACGTCTTT-1,-9.642629,7.0003185,1
TAAGTAACTGAACC-1,9.688704,7.4086604,1
TAAGTCCTATCAGC-1,-10.379191,0.63002175,8
TAAGTCCTTGTTCT-1,-7.388259,18.811153,4
TAATCCACGGTTCA-1,-3.4158022,-9.833187,0
TAATCCACTGTCTT-1,-3.8978639,-0.38662255,1
TAATCGCTTATGGC-1,-1.2283872,-4.6019697,0
TAATGAACCAACTG-1,1.6503459,-5.895534,0
TAATGAACTTCCGC-1,3.9226093,-5.2517004,0
TACAAATGCAACTG-1,9.192664,-3.1353939,0
TACATAGAGTTTGG-1,-9.905669,11.498822,6
TACATCACGGACGA-1,-5.041861,4.7727065,1
TACCATTGACTGGT-1,0.8795423,-8.78693,0
TACCATTGCTAGTG-1,-5.3759303,7.867288,2
TACCGAGAAAAAGC-1,4.519294,-7.6293044,0
TACCGGCTTATGGC-1,-7.3403673,-10.352293,8
TACGACGATTCCCG-1,5.8131175,-5.5323687,0
TACGAGTGTGCATG-1,2.0711415,2.4099166,1
TACGATCTCTCTTA-1,9.790197,7.3784366,0
TACGCAGAGTTCGA-1,-2.0023677,9.113781,1
TACGCCACCACAAC-1,2.1965628,-14.683719,5
TACGCCACGTACAC-1,2.2181158,2.6126616,1
TACGGCCTAACGGG-1,13.272589,-12.832089,3
TACGGCCTGGTAAA-1,17.484919,-14.900924,3
TACGGCCTTCTCAT-1,16.421066,-13.787514,3
TACGGCCTTGCTGA-1,-0.9899372,8.967952,1
TACGGCCTTTCTTG-1,-3.0875306,12.61113,2
TACGTACTTTATCC-1,-7.7446923,22.935913,4
TACGTTACTCCGAA-1,14.084097,-15.750612,3
TACTAAGAATGTGC-1,-3.8332224,9.2501335,2
TACTAAGATACTGG-1,-8.263334,22.844542,4
TACTAAGATGCGTA-1,2.5311708,1.1049826,1
TACTACACATGGTC-1,-10.220974,1.542652,8
TACTACACTCGCTC-1,17.431839,-15.297733,3
TACTCCCTAAAACG-1,-8.839949,11.241637,6
TACTCCCTACCTAG-1,-3.023066,9.6740885,1
TACTCTGACGGAGA-1,-5.2028184,15.331779,2
TACTCTGATCATTC-1,12.393693,-2.0371747,0
TACTGGGACTCAAG-1,-3.8919814,-6.4090457,0
TACTGGGATCTCTA-1,-1.825365,-3.0457714,0
TACTGTTGCACAAC-1,10.408971,-12.540521,3
TACTGTTGGAGACG-1,-11.308547,14.64322,6
TACTTGACTGCTAG-1,0.9320634,2.1382055,1
TACTTTCTGTTTCT-1,-0.81602806,4.4587784,1
TAGAATACCTGAAC-1,4.3291535,-2.5129073,0
TAGAATTGTACGAC-1,11.646269,-7.709248,3
TAGAGAGACCTTGC-1,4.6657486,-2.2350724,0
TAGAGAGATTTACC-1,-1.0505669,-6.810385,0
TAGATCCTAAGGCG-1,-9.127817,8.432894,6
TAGATCCTATAAGG-1,4.1138263,0.5509081,0
TAGATTGAACGGTT-1,12.534504,-12.954597,3
TAGATTGAGGACTT-1,8.387324,-4.1098847,0
TAGATTGAGGTACT-1,3.0572722,4.991742,1
TAGCCCACATTCTC-1,7.5012746,-2.568629,0
TAGCCGCTAGGTTC-1,-6.1314535,-11.135094,8
TAGCCGCTGGTGTT-1,14.000359,-15.624943,3
TAGCCGCTTCTGGA-1,-9.499729,-3.0850708,1
TAGCTACTTGCATG-1,14.20313,-11.144315,3
TAGGACTGGCTTAG-1,-9.437153,11.083378,6
TAGGAGCTTGTGAC-1,-6.2069335,14.22905,2
TAGGAGCTTTCCAT-1,1.4903786,-10.456648,0
TAGGCAACACCTTT-1,5.3246937,1.7908945,0
TAGGCATGTCTACT-1,-12.719434,5.404338,1
TAGGCTGAGGTCTA-1,-2.286094,4.2350106,1
TAGGGACTACTACG-1,-10.4455185,10.030588,6
TAGGGACTGTGCAT-1,13.892618,-12.68053,3
TAGGTCGACTCCAC-1,5.559199,-4.845286,0
TAGTAATGGTCTGA-1,-3.2025163,15.205158,2
TAGTACCTAACGTC-1,1.8957645,-3.121566,0
TAGTATGAGTCACA-1,-7.8574095,3.1632159,1
TAGTCTTGGAATCC-1,18.08431,-15.074154,3
TAGTCTTGTTCAGG-1,1.7391328,3.7905445,1
TAGTGGTGACTGGT-1,1.3848271,4.4694233,1
TAGTTCACCAGTTG-1,6.3315554,-4.230196,0
TAGTTCACGTTGTG-1,-4.014851,-5.1545477,1
TATACAGACCTATT-1,2.037217,-1.7016505,0
TATACCACCAGAAA-1,-0.2989877,1.6678056,1
TATACGCTCTGGAT-1,-5.6167173,19.892622,4
TATAGATGTAACGC-1,1.8485019,-3.6645184,0
TATAGCCTGGTCTA-1,0.9586473,4.6623125,1
TATCAAGAATTTCC-1,1.2962928,-5.6605153,0
TATCAAGACTATTC-1,1.6881826,-13.489392,5
TATCACTGGCTTAG-1,4.598268,-11.190569,0
TATCCAACCCCTAC-1,-6.738735,5.5633373,1
TATCCAACCGGAGA-1,1.5247513,-5.127457,0
TATCCAACCTAGAC-1,6.5440207,-19.021776,5
TATCCAACCTCCAC-1,2.1116912,-4.879839,0
TATCCAACGTTTGG-1,-1.9479998,3.343096,1
TATCCAACTTGGTG-1,-7.1408186,13.56467,2
TATCCTGAGGACGA-1,7.4330235,-4.965387,0
TATCCTGAGGTGGA-1,-8.4589405,21.313417,4
TATCGACTAACGAA-1,8.3252535,-7.4503093,0
TATCGACTGGCAAG-1,3.4284472,12.553663,2
TATCGTACCTACTT-1,-2.4817867,8.724406,1
TATCGTACGTTGGT-1,9.025608,-29.017862,7
TATCTGACACTGGT-1,11.94287,-4.386803,0
TATCTGACGTTGTG-1,11.473295,-4.431857,0
TATCTTCTACACGT-1,-5.2813177,17.641329,2
TATCTTCTGAATAG-1,2.764614,2.2625647,1
TATCTTCTGCTGAT-1,12.107542,-0.050896484,1
TATGCGGAATCGGT-1,-5.5454617,-0.6365229,1
TATGCGGAGGAAGC-1,-9.803087,23.87966,4
TATGCGGATGACAC-1,-4.0820613,-2.0339582,1
TATGCGGATTGGCA-1,-3.7866962,-11.323488,0
TATGGGACTCTACT-1,-11.240787,12.18351,6
TATGGGTGTACTTC-1,-7.0711975,2.2903407,1
TATGGTCTAGTGCT-1,0.63878495,-15.900797,5
TATGGTCTCTCTCG-1,19.37006,-14.849043,3
TATGTCACTCCTGC-1,2.3707652,-2.4623778,0
TATGTCACTTCTTG-1,-9.6606455,11.682591,6
TATTGCTGCGATAC-1,1.4920136,6.1123915,1
TATTTCCTCCTACC-1,-1.883659,-10.892234,1
TATTTCCTTGAGGG-1,1.2943621,-5.2678323,0
TCAATAGAACAGCT-1,10.975494,2.5025437,0
TCAATCACCTTGTT-1,-2.5124547,3.5477104,1
TCACAACTCCCTCA-1,-5.9016223,-2.3403504,1
TCACGAGATTTCAC-1,-7.6954174,21.304352,4
TCACTATGAGTCAC-1,-4.638123,0.46539676,1
TCACTATGTGCAAC-1,-9.263965,22.206858,4
TCAGACGAACACAC-1,0.2832964,-3.1658783,0
TCAGACGACTGGTA-1,3.4431388,2.2390125,1
TCAGACGACTTATC-1,-0.17742935,5.6486893,1
TCAGACGATGCTTT-1,-7.5250297,21.860851,4
TCAGAGACCATGAC-1,-7.070384,7.050452,1
TCAGCGCTAAGTGA-1,-10.401232,-1.5378063,1
TCAGTACTATACCG-1,-5.658483,-4.216956,1
TCAGTGGAACTGGT-1,12.980602,-12.507875,3
TCAGTGGAAGAACA-1,-6.678625,13.112764,2
TCAGTGGACTGCAA-1,-7.977484,12.859254,2
TCAGTTACTAGCGT-1,2.0655932,-0.25109968,0
TCATCATGATCAGC-1,2.2416618,-2.4637506,0
TCATCCCTTCCTAT-1,-0.7210028,-2.330548,0
TCATTCGAATTGGC-1,2.7746966,-2.8757079,0
TCATTCGATCGTGA-1,9.768155,-4.361234,0
TCATTCGATTTGCT-1,-3.8878818,9.687278,2
TCATTGACTCAGGT-1,-1.96898,3.1145196,1
TCCACGTGCTGATG-1,8.052854,-29.567749,7
TCCAGAGAGTTACG-1,-8.531438,21.818792,4
TCCATAACCACACA-1,-7.8932643,-6.610948,1
TCCATAACGAATCC-1,-8.275886,20.527487,4
TCCATCCTTCACCC-1,-5.7639813,12.072013,2
TCCCACGAACCTAG-1,4.875954,-0.6868253,0
TCCCACGACCACAA-1,5.518825,-3.226646,0
TCCCAGACAGAAGT-1,-6.410338,13.222767,2
TCCCATCTAAACAG-1,4.921475,-3.030578,0
TCCCATCTTAAGCC-1,16.56981,-14.508779,3
TCCCGATGAAGATG-1,-5.631108,13.761884,2
TCCCGATGCGTGTA-1,4.9789376,4.518258,1
TCCCGATGTGTTCT-1,14.014089,-16.245396,3
TCCGAAGAAACCAC-1,-1.2266898,3.2958798,1
TCCGAAGACAGTCA-1,-3.8077476,16.930664,2
TCCGAGCTATAAGG-1,-0.437691,10.613484,2
TCCTAAACCAGAGG-1,-1.0658057,5.187265,1
TCCTAAACCAGTTG-1,5.9310074,-4.500712,0
TCCTAAACCGCAAT-1,0.39428878,-0.020840855,1
TCCTACCTGTTGGT-1,0.39402488,-15.031925,1
TCGAATCTACCAAC-1,-7.2832837,-10.114404,8
TCGACCTGCCTGAA-1,-5.135947,-8.409395,1
TCGACGCTATTCGG-1,16.240557,-14.894653,3
TCGACGCTCGGGAA-1,-7.2863336,-10.749887,8
TCGAGCCTACCTCC-1,-0.003942742,12.664249,6
TCGAGCCTCTCAAG-1,8.843511,-9.108076,0
TCGATACTAGCGTT-1,-2.4832027,2.3167107,1
TCGCACTGCTGAAC-1,5.7202973,-3.0415027,0
TCGCAGCTCAGCTA-1,-2.9237998,4.2913146,1
TCGCAGCTCGTAAC-1,5.428947,-2.1838431,0
TCGCCATGTAACCG-1,-4.8406878,11.931057,2
TCGGTAGACTGGTA-1,-4.676905,3.0738778,2
TCGTAGGATTGCTT-1,7.2805543,-8.403644,0
TCGTTATGAAGGTA-1,1.1754392,-5.1091366,0
TCTAACACTCCCGT-1,8.280706,0.4872679,0
TCTACAACCTTGAG-1,-9.0785475,0.4343373,8
TCTAGACTACAGTC-1,-8.637616,8.128677,1
TCTAGACTGTGCTA-1,6.351988,-6.162646,0
TCTAGACTTTGCGA-1,7.631123,-6.8195615,0
TCTATGTGACCAAC-1,-4.7689867,14.432388,2
TCTATGTGATTCTC-1,15.319469,-15.486207,3
TCTCAAACTTGTGG-1,0.7401855,7.9852524,1
TCTCCACTGTATGC-1,15.459567,-14.392845,3
TCTCCACTTTCGTT-1,5.767132,-16.468609,1
TCTCTAGAGCTAAC-1,-3.4461334,9.141519,1
TCTTCAGACTTGAG-1,-9.136865,23.00357,4
TGAAATTGCCACCT-1,-0.58713204,4.323545,1
TGAAGCACTATCTC-1,-5.7605386,-3.065249,0
TGACACGAAACAGA-1,-7.261219,-11.606666,8
TGACACGATGTCTT-1,1.822111,-2.8573523,0
TGACGCCTAGTAGA-1,1.4777132,-0.58851665,1
TGACTGGAGCGGAA-1,4.9686556,-1.7034025,0
TGACTGGATAAGGA-1,5.9577656,-6.6171165,0
TGACTGGATGAGCT-1,-4.258923,9.948311,2
TGACTGGATGCCCT-1,-4.571219,-4.1025577,0
TGACTTACACGCTA-1,5.2676044,5.9551115,1
TGACTTACCAGATC-1,-4.092697,15.730038,2
TGACTTACGTCAAC-1,-8.901179,-5.3706694,1
TGACTTTGCTGCTC-1,8.563375,-27.753635,7
TGAGACACTCCCGT-1,-5.43701,-0.30926177,0
TGAGCAACCAGCTA-1,-3.298952,15.913022,2
TGAGCAACGACAGG-1,-1.398887,3.121151,1
TGAGCAACGCTGAT-1,-1.4990939,-5.921491,0
TGAGCTGAAAAAGC-1,-6.5190725,12.302616,2
TGAGGACTTCGCTC-1,6.8710556,-1.7719206,0
TGAGGACTTGCGTA-1,-1.0986012,0.21815133,1
TGAGGTACGGTACT-1,-0.81237096,-3.038744,1
TGAGGTACGTTGGT-1,-6.12764,12.367569,2
TGAGTCGAATGTGC-1,-11.031857,10.750615,6
TGAGTCGACAAGCT-1,-6.734447,17.132933,2
TGAGTCGAGAGCTT-1,1.6278694,-10.8085575,0
TGAGTGACCCATGA-1,-9.935265,10.821405,6
TGATACCTAGAAGT-1,6.7193832,3.299464,0
TGATATGAGTCTGA-1,9.771693,-11.017973,3
TGATATGATCACGA-1,11.4866905,2.6973553,1
TGATCACTGTACCA-1,13.423376,1.5867612,0
TGATCACTTGCCAA-1,-7.078881,-9.888107,8
TGATCGGAGCAGTT-1,14.481078,-16.084368,3
TGATTCTGGCTTCC-1,-6.3230906,14.234048,2
TGATTCTGTGGTAC-1,14.271956,-1.0139616,0
TGCAACGAACGGAG-1,-2.4142516,-0.42256102,1
TGCAACGAACTGTG-1,12.506233,-2.045166,0
TGCAACGATCGCTC-1,-1.8655626,-0.4912609,1
TGCAACGATGCGTA-1,7.3756723,-8.443096,0
TGCAAGACCCGATA-1,0.5282492,11.235235,1
TGCAAGACGCGTTA-1,11.06483,-1.8759707,0
TGCAAGTGGTAGCT-1,14.765768,-13.445297,3
TGCAATCTATCTCT-1,6.145505,-8.193323,0
TGCAATCTCATCAG-1,-1.3893175,-0.19976649,1
TGCAATCTGACGAG-1,6.0438232,9.219499,1
TGCACAGACAGATC-1,3.0099227,4.889532,1
TGCACGCTGCGAAG-1,-8.050878,14.129186,2
TGCACGCTTTTGTC-1,-7.7030907,-11.900264,8
TGCAGATGCATGCA-1,-0.4732734,1.8878537,1
TGCATGGAATTCGG-1,-3.1947534,7.197494,1
TGCATGGACTTGGA-1,3.3078911,-1.7174942,0
TGCCAAGAAGCCAT-1,-9.522376,14.76498,6
TGCCACTGGGAGTG-1,4.453454,8.246772,1
TGCCAGCTAGCACT-1,-1.4188074,4.2796383,1
TGCCAGCTATCAGC-1,0.90837693,-2.9766855,0
TGCCAGCTCCATAG-1,-0.8630246,-16.480745,5
TGCCAGCTCCCGTT-1,-4.690932,11.260043,2
TGCCCAACCGATAC-1,0.5668637,-1.0074323,1
TGCCCAACGTCTGA-1,3.4364972,7.0567293,1
TGCCGACTAACCTG-1,8.574152,3.2070715,0
TGCGAAACATTCCT-1,8.055709,6.491928,1
TGCGAAACCTGCAA-1,3.068374,-4.148669,0
TGCGATGATGAAGA-1,2.7991197,3.504711,1
TGCGCACTATAAGG-1,-0.9225205,-0.7194109,1
TGCGCACTATTCCT-1,3.3477628,9.9241,1
TGCGCACTGCATCA-1,-7.7892737,20.519001,4
TGCGTAGATTTGTC-1,9.246892,-29.209244,7
TGCTAGGACGAACT-1,5.618488,-18.68917,5
TGCTTAACGGTGGA-1,8.288161,-0.94843376,0
TGGAAAGACTCCCA-1,11.197236,-9.730203,0
TGGAACACTGTGAC-1,-4.575086,-5.4192257,0
TGGAACTGCAGAGG-1,6.5177717,-13.671578,5
TGGAACTGTCTCAT-1,-4.7552567,-8.441274,1
TGGAAGCTGACAGG-1,4.137336,6.2782807,1
TGGACCCTGTTGAC-1,-7.1386766,21.519932,4
TGGAGACTCAGATC-1,-10.684596,-1.643322,1
TGGAGGGAGAAGGC-1,-8.364296,18.998505,4
TGGAGGGAGGGAGT-1,2.8399699,-0.4886978,0
TGGATGACCTTATC-1,-3.7539403,-6.4236374,0
TGGATGTGGCAAGG-1,-5.1535854,13.538011,2
TGGATGTGTTGGTG-1,-2.3451684,-6.6877904,0
TGGCAATGAAGGTA-1,-0.009447642,-4.2239823,0
TGGCACCTACCTTT-1,6.2752542,-18.580343,5
TGGTACGAAAGCAA-1,0.2888265,-3.479916,0
TGGTACGACACTAG-1,5.519158,-14.75676,5
TGGTACGATACGAC-1,11.321178,-9.43484,0
TGGTAGACTTATCC-1,-1.6370943,-8.0887,0
TGGTCAGAAGCCTA-1,0.20934638,-14.990265,1
TGGTCAGACATTGG-1,4.451757,8.64843,1
TGGTCAGACCAACA-1,-13.145154,2.778733,0
TGGTCAGACTGTAG-1,-0.8853139,16.29974,8
TGGTTACTTAGAAG-1,2.9659076,2.3333302,0
TGTAAAACACCTGA-1,-7.95514,21.571335,4
TGTAAAACGATGAA-1,-11.120551,12.888335,6
TGTAAAACGGCAAG-1,3.8534667,-6.2967806,0
TGTAATGAGGACGA-1,3.6902158,-5.114048,0
TGTAATGAGTTCAG-1,4.4355173,1.5931123,0
TGTACTTGTGCTCC-1,-0.965864,1.0312381,1
TGTAGTCTGCTGAT-1,9.149452,-28.867437,7
TGTCAGGAGCGTAT-1,15.06309,-16.307522,3
TGTCTAACATACCG-1,8.160316,-11.453853,0
TGTCTAACCTGATG-1,8.149269,6.525634,1
TGTCTAACGGTGAG-1,6.0592666,-2.7743933,0
TGTGATCTATTGGC-1,-4.5521193,9.630235,2
TGTTAAGAAAGGCG-1,11.677712,-11.316322,3
TGTTAAGACTGCTC-1,-12.48133,7.624206,6
TGTTAAGAGCGGAA-1,-3.7412136,0.4604443,1
TGTTAAGAGTCTGA-1,14.022886,-14.1737795,3
TGTTACACTGCTGA-1,-4.9580784,3.574362,1
TTAACCACCTCTTA-1,-1.0844004,9.827444,2
TTACAGCTCGAGAG-1,12.729525,-12.650795,3
TTACAGCTCTGAGT-1,-0.153944,3.763426,1
TTACCATGTCGCCT-1,11.648806,5.849586,1
TTACGTACCTCTAT-1,-7.9641824,15.016588,6
TTACTCGATGTTCT-1,-4.682043,6.2635417,1
TTAGAATGTCGTAG-1,11.236586,-12.166558,3
TTAGGGACAGAGGC-1,-6.337853,22.379166,4
TTAGGGTGAGCGGA-1,14.060435,-14.801582,3
TTAGGGTGCAGCTA-1,-4.5852776,-1.4104162,1
TTAGGTCTCAGCTA-1,4.228556,-0.8802609,0
TTAGGTCTCCTATT-1,0.67908835,-9.403495,0
TTAGTCACTGAGGG-1,1.8268522,4.103059,1
TTAGTCTGACCAGT-1,-3.309608,-3.6509342,0
TTATCCGAACACTG-1,-2.0958772,1.420229,1
TTATCCGACAGATC-1,-7.1360765,22.06129,4
TTATCCGATGAGCT-1,1.1559856,-0.41999274,1
TTATGAGACATTCT-1,-0.35075977,3.3000581,1
TTATGAGAGTTCAG-1,9.061948,-27.902142,7
TTATGCACACACGT-1,-6.400436,10.737554,2
TTATGCACTTGTCT-1,2.5067601,-3.7345307,0
TTATGGCTATCGGT-1,-1.2536973,-2.4125304,1
TTATGGCTCCACAA-1,2.5602424,-0.4310113,1
TTATGGCTCGGTAT-1,12.23029,-13.250158,3
TTCAAGCTCGAGAG-1,2.9309673,-5.111686,0
TTCACAACCGAACT-1,2.0130982,-1.8285425,1
TTCACCCTACGTTG-1,-0.9776136,1.8289936,1
TTCACCCTCGACAT-1,8.923014,-29.067497,7
TTCAGACTCAGAAA-1,-5.820581,14.546849,2
TTCAGACTCCCAAA-1,-6.0184994,14.502232,2
TTCAGACTCTCTCG-1,-5.6346745,15.774547,2
TTCATCGACATTGG-1,16.690302,-14.757071,3
TTCATGACCCGCTT-1,-8.8067665,22.375683,4
TTCATGACGCATCA-1,4.720388,-4.3109503,0
TTCATGTGTTCTAC-1,-0.30412394,4.1317015,1
TTCCAAACGAGATA-1,-7.167642,10.306647,2
TTCCAAACGGGAGT-1,14.557485,-7.2006955,5
TTCCATGACCACCT-1,10.460884,0.0012307132,1
TTCCATGACTGTAG-1,11.976707,-4.385473,0
TTCCATGAGGGACA-1,2.7968638,-3.1105614,0
TTCCCACTTTGTGG-1,-3.7607203,10.344393,2
TTCCTAGACTAGAC-1,-5.657048,5.7827215,1
TTCGAGGATCGACA-1,8.943575,-28.77252,7
TTCTACGATGTAGC-1,-11.100575,9.250628,6
TTCTAGTGTCAGAC-1,0.00033210963,2.0824594,1
TTCTCAGACATGCA-1,1.3646755,-0.18831888,1
TTCTTACTGGGCAA-1,-0.49979874,-3.2941904,0
TTGAACCTCCCACT-1,11.725028,-4.3918056,0
TTGAACCTGTTCGA-1,10.509527,-0.78255,0
TTGAATGACCTCAC-1,14.925152,-15.11491,3
TTGACACTCCAAGT-1,-5.091056,15.6071005,2
TTGAGGACACGCTA-1,18.262527,-15.184334,3
TTGATCTGACTCTT-1,-8.236814,0.23831743,8
TTGATCTGAGAAGT-1,14.099474,-15.83384,3
TTGCTAACTCGCCT-1,4.5392327,-11.205606,0
TTGGAGACAACGTC-1,-8.485191,5.302304,2
TTGGGAACAAACGA-1,-6.108839,17.098776,2
TTGGGAACCAGAGG-1,3.2872455,7.3306465,1
TTGGGAACTCCTTA-1,-0.6266378,-8.940502,0
TTGGTACTACCAGT-1,6.978932,-17.095287,5
TTGGTACTGCGAAG-1,1.8310621,4.586072,1
TTGGTACTTGACAC-1,0.5532882,3.5862815,1
TTGTACACGAACCT-1,-7.72352,7.6557074,1
TTGTAGCTCTCTCG-1,6.5008616,-0.07993326,0
TTTAGAGAAACTGC-1,-12.367802,-0.15076822,1
TTTAGAGAACGGAG-1,-8.008047,11.052673,6
TTTAGAGAGGAAAT-1,6.5782356,-4.028477,0
TTTAGGCTCTCTTA-1,5.981534,-4.0006943,0
TTTAGGCTGTATCG-1,6.2509885,11.044925,2
TTTCACGAAGTGTC-1,-1.8236525,-1.7203106,0
TTTCACGACACACA-1,0.17243065,5.878649,1
TTTCACGAGAGGCA-1,-1.5216688,-4.5502973,0
TTTCAGTGGCGAAG-1,-7.2794137,1.3425611,1
TTTCCAGAACGCTA-1,18.051437,-15.225002,3
TTTCCAGATGCAAC-1,-3.76642,2.6445396,1
TTTCGAACTACTGG-1,4.4204445,4.2949324,1
TTTCTACTTCACCC-1,-7.9134474,10.718688,6
