B1_AAACATTGTTTGGG_Enterocyte.Immature.Distal,4
B1_AAACCGTGCCAAGT_Tuft,0
B1_AAACGCACAGCCTA_Goblet,3
B1_AAACGCACCAGATC_Endocrine,1
B1_AAACGCACCGCCTT_Stem,0
B1_AAACGCACCGTAGT_Stem,0
B1_AAACGGCTGATAGA_TA.Early,1
B1_AAACTTGAAGAGTA_Enterocyte.Mature.Proximal,2
B1_AAACTTGACCACAA_TA.G1,0
B1_AAAGACGATTGTCT_Enterocyte.Mature.Proximal,5
B1_AAAGAGACGAGGAC_TA.G1,1
B1_AAAGATCTAGATCC_TA.G2,6
B1_AAAGCAGACTACGA_Enterocyte.Progenitor.Early,1
B1_AAAGCCTGAGATGA_Enterocyte.Immature.Distal,1
B1_AAAGGCCTCGTAGT_Tuft,8
B1_AAAGGCCTCGTTGA_Enterocyte.Progenitor.Late,1
B1_AAATACTGACTGTG_Enterocyte.Immature.Distal,4
B1_AAATACTGCCTACC_Enterocyte.Immature.Distal,4
B1_AAATCCCTGGTGAG_Enterocyte.Mature.Proximal,5
B1_AAATCCCTGTTCTT_TA.G1,0
B1_AAATCCCTTATGGC_Enterocyte.Progenitor.Early,1
B1_AAATGGGAGATAAG_TA.G2,6
B1_AAATGGGATACTCT_Stem,1
B1_AAATTGACCAGCTA_Enterocyte.Immature.Distal,2
B1_AAATTGACCCTGTC_Tuft,2
B1_AACAATACAAGATG_Enterocyte.Immature.Proximal,2
B1_AACAATACCAGAAA_TA.G2,0
B1_AACACGTGCAACCA_Endocrine,7
B1_AACACTCTATTGGC_Goblet,3
B1_AACACTCTCTCAAG_Stem,0
B1_AACACTCTCTCGCT_Stem,0
B1_AACACTCTGCTACA_Stem,0
B1_AACAGAGACCTATT_Goblet,3
B1_AACAGAGAGATAGA_Paneth,3
B1_AACAGAGATGCTGA_Goblet,3
B1_AACATATGCCAACA_Goblet,3
B1_AACATATGGCTACA_Enterocyte.Progenitor.Early,1
B1_AACATATGGGAAAT_Enterocyte.Progenitor,0
B1_AACATATGGTTGCA_Enterocyte.Progenitor.Early,1
B1_AACATTGACCGATA_Enterocyte.Immature.Proximal,2
B1_AACCACGAATTCCT_TA.G1,6
B1_AACCACGATAACCG_Enterocyte.Progenitor,1
B1_AACCCAGATGAAGA_Stem,0
B1_AACCGATGTAGACC_TA.Early,1
B1_AACCGATGTTCGTT_TA.G1,6
B1_AACCGCCTGAATAG_Enterocyte.Immature.Proximal,2
B1_AACCTTACAGTCTG_Enterocyte.Immature.Distal,4
B1_AACCTTACCTGTTT_Enterocyte.Immature.Distal,4
B1_AACCTTTGGTCACA_Enterocyte.Mature.Proximal,5
B1_AACGGTTGCGTTAG_Goblet,3
B1_AACGGTTGGCTGTA_Enterocyte.Immature.Distal,2
B1_AACGGTTGGGAAGC_Enterocyte.Progenitor.Early,0
B1_AACGTCGAAGTTCG_TA.G2,0
B1_AACGTCGATAGTCG_Enterocyte.Immature.Proximal,2
B1_AACGTTCTACCAGT_TA.G1,0
B1_AACGTTCTCTTAGG_TA.Early,0
B1_AACTCGGATTCTCA_Enterocyte.Progenitor.Early,1
B1_AACTCTTGGATACC_TA.G1,1
B1_AACTGTCTTTTCGT_Stem,0
B1_AAGAATCTCTAAGC_Enterocyte.Progenitor.Early,0
B1_AAGATGGAGCAGAG_Goblet,3
B1_AAGATGGAGTTTGG_TA.Early,1
B1_AAGATTACGACAAA_TA.Early,1
B1_AAGCAAGATTCTGT_Stem,0
B1_AAGCACTGGCCCTT_TA.Early,0
B1_AAGCCAACAACCTG_Enterocyte.Immature.Distal,4
B1_AAGCCAACCCGATA_Enterocyte.Progenitor,1
B1_AAGCCATGTCACCC_Enterocyte.Progenitor,1
B1_AAGCCTGACTCAAG_Enterocyte.Progenitor.Early,1
B1_AAGCGACTTTTGCT_Enterocyte.Immature.Distal,4
B1_AAGCGTACAGTCGT_TA.G1,1
B1_AAGGCTACTATCTC_Enterocyte.Mature.Proximal,2
B1_AAGGCTACTGAGCT_Endocrine,3
B1_AAGGTCACGATAGA_Tuft,8
B1_AAGGTCTGCTAGTG_Enterocyte.Progenitor.Late,1
B1_AAGTAACTATTTCC_TA.Early,1
B1_AAGTAACTTGTCTT_Paneth,0
B1_AAGTAACTTTTGTC_Tuft,8
B1_AAGTAGGAATTCTC_Endocrine,7
B1_AAGTATACACACAC_Goblet,3
B1_AAGTATACCTCCAC_Enterocyte.Progenitor.Late,2
B1_AAGTATACTGCGTA_Endocrine,7
B1_AAGTCCGACAAGCT_Goblet,3
B1_AAGTCTCTAGGTTC_Enterocyte.Immature.Distal,4
B1_AAGTGCACGCAAGG_Paneth,0
B1_AAGTGCACTCGTGA_TA.G2,6
B1_AAGTGGCTAAGAGT_Goblet,3
B1_AAGTGGCTTATCTC_Paneth,0
B1_AATAAGCTCCCTAC_Enterocyte.Progenitor.Early,1
B1_AATCAAACATCTCT_Stem,0
B1_AATCCGGAACTCTT_Stem,0
B1_AATCCTTGAAAGTG_Enterocyte.Mature.Proximal,5
B1_AATCCTTGTGCATG_Enterocyte.Immature.Distal,4
B1_AATCTAGACGTTGA_Enterocyte.Immature.Distal,4
B1_AATCTCTGTTTCTG_Enterocyte.Progenitor.Late,2
B1_AATGAGGACCTACC_Stem,0
B1_AATGATACGAATAG_Enterocyte.Mature.Distal,5
B1_AATGATACTGACTG_Enterocyte.Immature.Distal,2
B1_AATGCGTGTTGCTT_Enterocyte.Immature.Distal,2
B1_AATGGAGACTGTCC_Enterocyte.Progenitor.Early,1
B1_AATGGAGAGAACCT_Enterocyte.Progenitor.Late,2
B1_AATGTAACCAGAGG_Stem,0
B1_AATGTAACGGGTGA_Endocrine,7
B1_AATGTTGATGCTTT_Endocrine,7
B1_AATTGATGCCGAAT_Endocrine,7
B1_AATTGTGAAAGGGC_Tuft,8
B1_ACAAAGGACCTTAT_TA.G2,0
B1_ACAAAGGAGCAGAG_TA.Early,0
B1_ACAACCGACCGATA_Enterocyte.Progenitor.Late,4
B1_ACAAGAGAGGTTAC_Endocrine,7
B1_ACAAGCACTAGTCG_Enterocyte.Progenitor.Early,6
B1_ACAATAACTAGAAG_TA.Early,0
B1_ACAATCCTTACTCT_Stem,0
B1_ACAATTGATCAAGC_Enterocyte.Immature.Distal,4
B1_ACACATCTGACAAA_Enterocyte.Progenitor.Early,1
B1_ACACCAGAAAGCCT_Enterocyte.Progenitor,1
B1_ACACCAGACTTACT_Stem,0
B1_ACACCAGATCGTTT_Enterocyte.Progenitor,1
B1_ACACCCTGGCCATA_Enterocyte.Mature.Proximal,5
B1_ACACGAACAGCATC_Goblet,1
B1_ACACGAACGTCTTT_Enterocyte.Immature.Proximal,2
B1_ACACGTGAAAGGGC_Endocrine,3
B1_ACAGTCGATTCGCC_Enterocyte.Mature.Proximal,5
B1_ACAGTGACAAGCCT_Stem,0
B1_ACAGTGACTGATGC_Stem,0
B1_ACAGTGACTGGGAG_Enterocyte.Progenitor,1
B1_ACAGTTCTCGTGTA_Enterocyte.Immature.Distal,4
B1_ACATGGTGCCTCGT_TA.G2,6
B1_ACATGGTGTAGACC_Enterocyte.Progenitor.Late,1
B1_ACATTCTGGCTTAG_Enterocyte.Progenitor,1
B1_ACATTCTGGTTCAG_TA.G1,0
B1_ACCACCTGACGGGA_TA.G1,0
B1_ACCACCTGCTCCCA_Endocrine,7
B1_ACCACCTGTGCTAG_Enterocyte.Immature.Distal,2
B1_ACCATTACCCACAA_Enterocyte.Progenitor,1
B1_ACCATTTGTGTTTC_Stem,0
B1_ACCCAAGAGAGGGT_Stem,0
B1_ACCCAGCTACCTCC_Goblet,3
B1_ACCCTCGACTTGAG_Enterocyte.Mature.Proximal,5
B1_ACCGAAACCGAATC_Endocrine,0
B1_ACCGCGGACCGTTC_Endocrine,7
B1_ACCGCGGACTAAGC_Tuft,7
B1_ACCGCGGACTTCGC_Stem,0
B1_ACCGCGGATGCAGT_Endocrine,7
B1_ACCGTGCTCGTGAT_Paneth,0
B1_ACCGTGCTGACAAA_TA.Early,0
B1_ACCTGAGACGTGAT_Enterocyte.Progenitor,1
B1_ACCTGGCTCACTAG_Stem,0
B1_ACCTTTGACTTGTT_Stem,0
B1_ACCTTTGATCACCC_Enterocyte.Mature.Distal,5
B1_ACGAACTGGGAGCA_Enterocyte.Immature.Distal,2
B1_ACGAAGCTCGCAAT_Enterocyte.Mature.Proximal,2
B1_ACGAAGCTCTGCTC_Stem,0
B1_ACGACAACATTCCT_Enterocyte.Progenitor.Late,1
B1_ACGACAACTGCGTA_Stem,0
B1_ACGACCCTGACGAG_TA.G1,1
B1_ACGAGGGATGTCCC_Endocrine,7
B1_ACGAGTACACCCTC_Enterocyte.Mature.Proximal,5
B1_ACGATCGACTGCAA_Stem,0
B1_ACGATCGACTGTCC_Goblet,3
B1_ACGATCGAGCTCCT_Enterocyte.Progenitor.Early,1
B1_ACGCACCTCCTTGC_Goblet,3
B1_ACGCCACTACCAAC_Enterocyte.Progenitor.Late,1
B1_ACGCTCACGCGAGA_Stem,0
B1_ACGCTGCTACCGAT_Enterocyte.Mature.Proximal,5
B1_ACGCTGCTAGCATC_TA.Early,0
B1_ACGCTGCTAGGTCT_Enterocyte.Progenitor,1
B1_ACGCTGCTTTGGCA_Enterocyte.Progenitor.Late,1
B1_ACGGAGGAAGGTTC_Enterocyte.Progenitor.Late,1
B1_ACGGAGGACGCAAT_Enterocyte.Progenitor.Early,1
B1_ACGGATTGGAGGAC_Endocrine,7
B1_ACGGCGTGCCTGTC_Paneth,0
B1_ACGGCTCTATGTGC_Enterocyte.Immature.Distal,4
B1_ACGGGAGACTGAAC_TA.Early,1
B1_ACGGGAGACTTGAG_Enterocyte.Progenitor.Late,1
B1_ACGGGAGATTCAGG_Goblet,3
B1_ACGTAGACGGAACG_Stem,0
B1_ACGTCAGATCAGTG_Enterocyte.Progenitor.Early,0
B1_ACGTGATGTCAGAC_Enterocyte.Progenitor.Late,2
B1_ACGTTACTGGACGA_Goblet,3
B1_ACGTTACTGGCGAA_Enterocyte.Progenitor.Late,2
B1_ACGTTTACCGATAC_Enterocyte.Mature.Proximal,5
B1_ACGTTTACTCCTGC_Goblet,3
B1_ACTACGGACGGTAT_Stem,0
B1_ACTACGGATGGTAC_TA.G1,0
B1_ACTACGGATGTTCT_Stem,0
B1_ACTACGGATTTGTC_Enterocyte.Progenitor,1
B1_ACTACTACTCCGAA_Enterocyte.Progenitor.Early,1
B1_ACTAGGTGAACTGC_Stem,0
B1_ACTAGGTGATGACC_Goblet,3
B1_ACTAGGTGCGGGAA_Enterocyte.Immature.Distal,2
B1_ACTATCACCCCTCA_Enterocyte.Immature.Distal,4
B1_ACTATCACGGTACT_Enterocyte.Progenitor.Early,1
B1_ACTATCACTGAGGG_Stem,0
B1_ACTCCTCTTTTGCT_Stem,0
B1_ACTCGAGACTCCCA_Enterocyte.Immature.Distal,4
B1_ACTCGCACAGGTTC_Enterocyte.Progenitor.Late,1
B1_ACTCTATGAGCTAC_Enterocyte.Immature.Distal,1
B1_ACTCTATGGATACC_TA.G2,0
B1_ACTCTATGTAGCGT_Stem,0
B1_ACTCTCCTGGACTT_Enterocyte.Mature.Proximal,5
B1_ACTGAGACACACAC_Enterocyte.Mature.Proximal,5
B1_ACTGAGACCCCTTG_Stem,0
B1_ACTGAGACCGTCTC_Enterocyte.Progenitor.Late,1
B1_ACTGCCACGCCTTC_TA.G1,0
B1_ACTGCCTGTAGCGT_Stem,0
B1_ACTTAAGAAACGTC_Endocrine,7
B1_ACTTAAGAACCTCC_Stem,0
B1_ACTTAGCTGTTACG_Endocrine,7
B1_ACTTCCCTAAAGTG_Enterocyte.Immature.Distal,2
B1_ACTTCCCTCCTACC_Stem,0
B1_ACTTCCCTGTGCTA_Goblet,3
B1_ACTTCCCTTCCAAG_TA.G1,0
B1_ACTTCTGAAGGTTC_Enterocyte.Progenitor.Early,1
B1_ACTTGACTAGCTCA_Enterocyte.Immature.Distal,4
B1_ACTTGACTTCACCC_Enterocyte.Immature.Distal,2
B1_ACTTGTACAACGGG_Endocrine,7
B1_ACTTGTACCTTGGA_Endocrine,7
B1_AGAAACGAACCACA_Paneth,0
B1_AGAAACGACTAGAC_Enterocyte.Immature.Proximal,2
B1_AGAAACGAGTCCTC_Enterocyte.Progenitor,1
B1_AGAACAGATGGATC_Enterocyte.Progenitor.Early,1
B1_AGAAGATGCTTAGG_Enterocyte.Progenitor.Late,1
B1_AGAAGATGTGTCCC_TA.G1,1
B1_AGACACACGGACTT_TA.G2,6
B1_AGACCTGAGCTGAT_Enterocyte.Immature.Distal,4
B1_AGACGTACCTGGAT_TA.G1,1
B1_AGACTCGATCTCTA_TA.Early,0
B1_AGACTCGATGCACA_Enterocyte.Mature.Distal,4
B1_AGAGAATGCTTGAG_Enterocyte.Immature.Distal,4
B1_AGAGAATGGCCAAT_Enterocyte.Progenitor.Early,6
B1_AGAGAATGTCATTC_Paneth,0
B1_AGAGATGACGTCTC_Enterocyte.Progenitor,1
B1_AGAGCTACCAAAGA_Enterocyte.Progenitor.Early,1
B1_AGAGCTACTGTCAG_Enterocyte.Immature.Distal,4
B1_AGAGGTCTAACCTG_Enterocyte.Progenitor,1
B1_AGAGTCACGTTGGT_Enterocyte.Mature.Distal,5
B1_AGAGTCTGAGACTC_Enterocyte.Progenitor.Late,2
B1_AGAGTCTGGCGAAG_TA.G1,1
B1_AGATATTGACCACA_Enterocyte.Progenitor.Early,1
B1_AGATCGTGCCTATT_Enterocyte.Immature.Proximal,2
B1_AGATCGTGCTTGAG_Enterocyte.Progenitor.Late,2
B1_AGATCGTGGTTCTT_TA.Early,0
B1_AGATTCCTGTTCGA_Enterocyte.Progenitor.Late,1
B1_AGCAAAGAATTCCT_Stem,0
B1_AGCAAGCTGATGAA_Enterocyte.Progenitor.Early,1
B1_AGCACAACTCTAGG_Enterocyte.Immature.Proximal,2
B1_AGCACTGACTATGG_Enterocyte.Immature.Distal,4
B1_AGCATTCTTGGAGG_Stem,0
B1_AGCCACCTCTTGGA_Tuft,0
B1_AGCCGGACGCCTTC_TA.Early,0
B1_AGCCTCACAAGTGA_Enterocyte.Immature.Distal,4
B1_AGCCTCACACTCAG_Endocrine,1
B1_AGCCTCTGCAGAAA_Stem,0
B1_AGCGGCTGTAAAGG_Endocrine,7
B1_AGCGGGCTACGGGA_TA.G1,1
B1_AGCGGGCTTGGCAT_TA.Early,0
B1_AGCTGCCTAGAGTA_TA.G1,0
B1_AGCTGCCTATGTCG_Enterocyte.Mature.Proximal,5
B1_AGCTGCCTCCCTTG_Enterocyte.Mature.Proximal,5
B1_AGCTGCCTCTCTTA_Stem,0
B1_AGCTGTGACGATAC_Enterocyte.Immature.Proximal,2
B1_AGCTGTGATTCTCA_Enterocyte.Mature.Distal,5
B1_AGCTTACTCCTTCG_Enterocyte.Immature.Distal,1
B1_AGCTTACTTCAGAC_Tuft,8
B1_AGCTTTACCTACGA_Stem,0
B1_AGCTTTACTCAGTG_Enterocyte.Progenitor,1
B1_AGCTTTACTCCTGC_TA.Early,1
B1_AGGAAATGACAGTC_Enterocyte.Progenitor.Early,1
B1_AGGAAATGAGAAGT_Enterocyte.Progenitor.Early,6
B1_AGGAATGACGTAAC_Enterocyte.Mature.Distal,2
B1_AGGAATGACTAGAC_Paneth,3
B1_AGGACACTGGTCTA_Enterocyte.Mature.Proximal,5
B1_AGGACTTGTATCTC_Enterocyte.Progenitor.Late,1
B1_AGGATAGATATCGG_Enterocyte.Progenitor,1
B1_AGGATGCTGAAACA_Enterocyte.Progenitor.Early,1
B1_AGGCAACTGACACT_Stem,0
B1_AGGCCTCTAGTGTC_Stem,0
B1_AGGCCTCTATCAGC_TA.G1,0
B1_AGGCCTCTCGAATC_TA.Early,1
B1_AGGCCTCTCTTACT_Enterocyte.Progenitor.Early,1
B1_AGGGAGTGACGCTA_Enterocyte.Progenitor.Early,1
B1_AGGGAGTGTGTAGC_Enterocyte.Progenitor,1
B1_AGGGCGCTACGTTG_Enterocyte.Mature.Distal,4
B1_AGGGCGCTTCCGAA_Enterocyte.Progenitor,1
B1_AGGGTTTGAACGTC_Enterocyte.Progenitor.Late,1
B1_AGGTACACGAGAGC_Enterocyte.Progenitor.Late,1
B1_AGGTACACTCGTTT_Enterocyte.Immature.Proximal,2
B1_AGGTCATGCCATAG_Paneth,6
B1_AGGTCTGAATTCTC_Stem,0
B1_AGGTCTGACATTCT_Enterocyte.Progenitor.Early,1
B1_AGGTGGGAAAGATG_Enterocyte.Progenitor.Early,1
B1_AGGTGGGACAGTCA_Stem,0
B1_AGGTTGTGGTCAAC_Enterocyte.Mature.Proximal,2
B1_AGTAGAGAAGCTCA_Enterocyte.Progenitor.Late,2
B1_AGTAGAGACCTACC_Enterocyte.Progenitor.Late,2
B1_AGTAGAGATCCTCG_Enterocyte.Immature.Proximal,2
B1_AGTAGGCTCTCCCA_Enterocyte.Immature.Distal,2
B1_AGTCACGATGTGAC_Enterocyte.Progenitor.Early,1
B1_AGTCGCCTATTGGC_Enterocyte.Progenitor,2
B1_AGTCGCCTTTCGTT_Tuft,8
B1_AGTCTACTGTCTGA_Enterocyte.Immature.Distal,2
B1_AGTGACTGGAATCC_TA.G1,6
B1_AGTGCAACTTACCT_Paneth,0
B1_AGTGTGACCCTGAA_Tuft,8
B1_AGTTAAACTACAGC_TA.Early,1
B1_AGTTATGAAAAAGC_Enterocyte.Mature.Proximal,5
B1_AGTTATGATAGACC_Goblet,3
B1_AGTTATGATGGTGT_TA.Early,1
B1_AGTTCTACGTAAAG_Enterocyte.Progenitor.Early,1
B1_AGTTCTACGTTTGG_Stem,0
B1_AGTTCTTGCGCTAA_Enterocyte.Progenitor.Early,1
B1_AGTTCTTGGAACCT_Stem,0
B1_AGTTCTTGTCCGTC_Enterocyte.Progenitor.Early,1
B1_AGTTGTCTGTTCAG_Paneth,0
B1_AGTTTGCTTATCTC_TA.G2,6
B1_ATAACCCTATGACC_Stem,0
B1_ATAAGTACTGTGAC_Enterocyte.Progenitor.Early,1
B1_ATAAGTTGGCTACA_Tuft,7
B1_ATAATCGAAGAGGC_Paneth,3
B1_ATAATCGAAGCATC_Paneth,2
B1_ATACAATGTACGCA_Stem,0
B1_ATACCACTCAACCA_Stem,0
B1_ATACCACTCCTTAT_Enterocyte.Immature.Distal,4
B1_ATACCACTTGGTAC_Enterocyte.Progenitor.Early,1
B1_ATACCGGATTCTAC_TA.Early,0
B1_ATACCTACCCGTAA_Enterocyte.Mature.Proximal,5
B1_ATACCTACGCTTCC_Stem,0
B1_ATACGGACCGTCTC_TA.G1,1
B1_ATACGTCTCCTCAC_Enterocyte.Progenitor.Early,6
B1_ATACTCTGTTTCAC_Stem,0
B1_ATAGATACTGTTTC_TA.G2,6
B1_ATAGATTGCTATTC_Enterocyte.Progenitor.Late,2
B1_ATAGATTGTAACGC_Stem,0
B1_ATAGCCGATGCCTC_Paneth,0
B1_ATAGCGTGGTTGGT_Stem,0
B1_ATAGGAGAAGAGTA_Enterocyte.Progenitor.Early,0
B1_ATAGGCTGAGTGTC_Endocrine,7
B1_ATAGGCTGCCACAA_Enterocyte.Progenitor.Late,1
B1_ATAGGCTGCTTGCC_Enterocyte.Progenitor.Early,1
B1_ATAGGCTGGACGGA_Enterocyte.Mature.Proximal,5
B1_ATATAGTGGGCGAA_Enterocyte.Progenitor,1
B1_ATATGCCTAAGGGC_Enterocyte.Mature.Distal,4
B1_ATATGCCTTGTGCA_Paneth,0
B1_ATCACACTAAAAGC_Tuft,6
B1_ATCACACTACTCTT_Enterocyte.Mature.Proximal,5
B1_ATCACACTCTACTT_Enterocyte.Progenitor.Early,6
B1_ATCACACTGCGAAG_Enterocyte.Immature.Proximal,2
B1_ATCACGGAGCAGTT_Stem,0
B1_ATCACTACCTGAAC_Goblet,3
B1_ATCACTACGCGATT_TA.G2,6
B1_ATCACTTGGAACCT_Enterocyte.Immature.Proximal,2
B1_ATCACTTGTGCTCC_Stem,0
B1_ATCATGCTACGTGT_Stem,0
B1_ATCCAGGAAGCGTT_Enterocyte.Immature.Distal,1
B1_ATCCAGGAGGCATT_Stem,0
B1_ATCCATACGGACGA_Enterocyte.Immature.Distal,2
B1_ATCCCGTGACCAAC_Stem,0
B1_ATCCCGTGTCTAGG_TA.Early,0
B1_ATCCTAACTTGTGG_Enterocyte.Progenitor.Late,1
B1_ATCGACGACAAAGA_TA.G2,0
B1_ATCGACGACCCACT_TA.G1,0
B1_ATCGAGTGCTCTAT_TA.G1,6
B1_ATCGAGTGCTGATG_TA.Early,0
B1_ATCGAGTGTCTATC_Enterocyte.Progenitor.Late,2
B1_ATCGCAGAGGACGA_Stem,0
B1_ATCGCAGAGTCGAT_Enterocyte.Immature.Proximal,2
B1_ATCGCCTGACCTCC_TA.Early,0
B1_ATCTACACAACGAA_Stem,0
B1_ATCTACACCCCTCA_Enterocyte.Progenitor.Early,6
B1_ATCTGTTGTTGGCA_Enterocyte.Immature.Distal,4
B1_ATCTTTCTAATCGC_Enterocyte.Progenitor,1
B1_ATGAAGGACTTGTT_Enterocyte.Progenitor.Early,1
B1_ATGACGTGTTCCCG_TA.G1,6
B1_ATGATAACCCTATT_Enterocyte.Progenitor.Early,1
B1_ATGATATGTTGTGG_Enterocyte.Immature.Distal,4
B1_ATGCAGTGTTCTAC_Stem,0
B1_ATGCAGTGTTCTTG_Stem,0
B1_ATGCCAGAACCAGT_Enterocyte.Progenitor,1
B1_ATGCCAGACGAACT_Enterocyte.Mature.Proximal,5
B1_ATGCCGCTCGACTA_Enterocyte.Immature.Distal,2
B1_ATGCGATGCTCGCT_Enterocyte.Mature.Proximal,2
B1_ATGTAAACAACCTG_Goblet,3
B1_ATGTAAACCCTTTA_Stem,0
B1_ATGTAAACTGTCGA_Enterocyte.Progenitor.Late,1
B1_ATGTACCTGCTATG_TA.Early,0
B1_ATGTCGGAGAGGAC_Enterocyte.Mature.Proximal,5
B1_ATGTCGGATGAGGG_Enterocyte.Progenitor.Early,1
B1_ATGTTGCTCATGGT_Stem,0
B1_ATGTTGCTTGCGTA_Goblet,3
B1_ATTACCACATTCCT_Enterocyte.Progenitor.Late,1
B1_ATTAGATGACTGTG_Goblet,3
B1_ATTAGTGAACCCTC_TA.G1,1
B1_ATTAGTGATAGAAG_Enterocyte.Progenitor.Late,1
B1_ATTCCATGACGCAT_Enterocyte.Immature.Proximal,2
B1_ATTCGACTCCTTTA_TA.Early,6
B1_ATTCGACTGGTGTT_Goblet,3
B1_ATTCGGGAAAGTGA_Enterocyte.Progenitor,1
B1_ATTCGGGACATACG_Enterocyte.Mature.Proximal,5
B1_ATTGCACTCGATAC_TA.Early,0
B1_ATTGCACTTGGGAG_Enterocyte.Progenitor,1
B1_ATTGCGGACCATGA_Enterocyte.Immature.Proximal,2
B1_ATTGCTACAAGCAA_Goblet,3
B1_ATTGGTCTGCGTAT_TA.Early,1
B1_ATTGTAGAAGGGTG_TA.Early,0
B1_ATTGTAGAGGTAAA_Enterocyte.Immature.Proximal,2
B1_ATTGTAGAGTAGCT_Stem,0
B1_ATTGTAGATCTTTG_TA.Early,0
B1_ATTGTCTGTACGAC_Enterocyte.Progenitor,1
B1_ATTTCTCTTATGGC_Goblet,3
B1_CAAACTCTATTGGC_TA.Early,1
B1_CAAAGCACGGACAG_Enterocyte.Progenitor.Early,1
B1_CAAATTGACTTCCG_Enterocyte.Mature.Proximal,5
B1_CAAATTGATCTATC_Enterocyte.Progenitor.Late,1
B1_CAACAGACCTGTAG_Goblet,3
B1_CAACAGACTAAGCC_TA.G2,6
B1_CAACCAGAATGGTC_Goblet,3
B1_CAACCGCTAGCCTA_Stem,0
B1_CAACGAACGTACAC_Tuft,8
B1_CAACGATGCTCAAG_TA.G1,0
B1_CAACGATGGTTCGA_Enterocyte.Progenitor.Early,6
B1_CAACGTGATACGAC_Enterocyte.Immature.Distal,2
B1_CAAGAAGAACTGTG_Enterocyte.Progenitor.Late,1
B1_CAAGAAGAAGAGAT_Enterocyte.Immature.Proximal,2
B1_CAAGAAGAGCTACA_Enterocyte.Progenitor.Late,1
B1_CAAGACACAACGTC_TA.Early,0
B1_CAAGACACCTTAGG_Tuft,8
B1_CAAGACTGTACTCT_Enterocyte.Mature.Proximal,5
B1_CAAGCATGTAGAGA_Enterocyte.Progenitor,1
B1_CAAGCCCTCGTGAT_Enterocyte.Progenitor.Early,1
B1_CAAGCTGATGGAAA_Stem,0
B1_CAAGTCGAGTATCG_TA.G1,0
B1_CAATAAACTACTCT_Enterocyte.Progenitor.Early,1
B1_CAATAATGAAAGCA_Enterocyte.Mature.Proximal,5
B1_CAATAATGTGTCGA_Enterocyte.Progenitor.Early,1
B1_CAATAATGTTGAGC_Endocrine,7
B1_CAATATGACCTGTC_Enterocyte.Progenitor.Early,1
B1_CAATATGATGACCA_Enterocyte.Immature.Distal,4
B1_CAATCGGAATTCTC_Enterocyte.Mature.Distal,5
B1_CAATCGGACCCTCA_Enterocyte.Progenitor,1
B1_CAATGGACTAGACC_Enterocyte.Progenitor.Late,1
B1_CAATGGACTGTGCA_TA.Early,1
B1_CACAGAACCGGAGA_Enterocyte.Immature.Proximal,2
B1_CACAGATGGATAAG_Goblet,3
B1_CACAGCCTTTACCT_Paneth,0
B1_CACCACTGACCACA_Enterocyte.Immature.Distal,4
B1_CACCACTGCTTGGA_TA.Early,1
B1_CACCCATGCCAAGT_Stem,0
B1_CACCGTACAGGCGA_Enterocyte.Mature.Proximal,5
B1_CACCGTACGGCGAA_Enterocyte.Progenitor.Late,2
B1_CACCGTTGTTTACC_Endocrine,6
B1_CACGAAACTCGTAG_Enterocyte.Progenitor.Early,1
B1_CACGCTACCTGACA_Tuft,8
B1_CACGCTACTGTGAC_TA.G2,6
B1_CACTAACTGTGTTG_Stem,0
B1_CACTAGGAGGAGCA_Stem,0
B1_CACTCCGATGGTCA_Enterocyte.Progenitor,1
B1_CACTCTCTATCTTC_TA.G1,0
B1_CACTGAGAAAGATG_Enterocyte.Progenitor.Early,1
B1_CACTGCACTGGTGT_Enterocyte.Mature.Distal,4
B1_CACTGCTGACACTG_Enterocyte.Progenitor.Early,6
B1_CACTGCTGCGTTAG_TA.Early,0
B1_CACTGCTGTAGAGA_Enterocyte.Immature.Distal,4
B1_CACTTAACATCACG_Endocrine,7
B1_CACTTAACCGATAC_Stem,0
B1_CACTTAACTACTTC_TA.G1,1
B1_CACTTATGAGAGGC_Enterocyte.Progenitor.Early,6
B1_CACTTTGAGAGACG_TA.G1,1
B1_CACTTTGATGAGAA_TA.Early,1
B1_CAGAAGCTATGTGC_Enterocyte.Progenitor.Early,1
B1_CAGAAGCTTCCTGC_Stem,0
B1_CAGAAGCTTTACTC_TA.G1,1
B1_CAGACAACGTCATG_TA.G2,6
B1_CAGACAACTACTCT_Enterocyte.Progenitor.Late,2
B1_CAGACAACTGGTAC_TA.Early,1
B1_CAGACCCTCGCCTT_Stem,0
B1_CAGACTGAGGACGA_TA.Early,0
B1_CAGAGGGAGGAGCA_Stem,0
B1_CAGATGACGCTGAT_Enterocyte.Mature.Proximal,5
B1_CAGCACCTGTTGCA_Enterocyte.Progenitor.Early,0
B1_CAGCATGAGACGTT_Goblet,3
B1_CAGCCTTGGAATGA_Enterocyte.Immature.Proximal,2
B1_CAGCCTTGGACACT_Goblet,3
B1_CAGCGGACACCATG_Enterocyte.Progenitor.Late,1
B1_CAGCGGACCTATTC_TA.Early,1
B1_CAGCGTCTCTCGCT_Enterocyte.Progenitor.Early,1
B1_CAGCGTCTGTAGGG_Stem,0
B1_CAGCGTCTTGCGTA_TA.Early,0
B1_CAGCGTCTTTAGGC_TA.G2,6
B1_CAGCTCACCTGCAA_Enterocyte.Progenitor,1
B1_CAGCTCTGTTGTCT_Enterocyte.Immature.Proximal,2
B1_CAGGAACTACCTTT_Enterocyte.Progenitor.Early,1
B1_CAGGAACTGCGTTA_TA.G2,6
B1_CAGGCCGAGCAGAG_Stem,0
B1_CAGGCCGAGCAGTT_Enterocyte.Progenitor,1
B1_CAGGCCGATCCCAC_TA.G1,1
B1_CAGGCCGATTGGTG_Enterocyte.Progenitor,1
B1_CAGGTAACCGGAGA_Stem,0
B1_CAGGTAACCTCTAT_Goblet,3
B1_CAGGTTGATGTTCT_Enterocyte.Mature.Proximal,5
B1_CAGTGATGGGAACG_TA.Early,0
B1_CAGTGTGATCTAGG_Stem,0
B1_CAGTTACTTCAGTG_TA.G2,6
B1_CAGTTACTTTTGCT_TA.Early,0
B1_CAGTTGGACTTTAC_Paneth,3
B1_CAGTTGGAGTCAAC_Stem,0
B1_CAGTTTACATGACC_Stem,3
B1_CAGTTTACCGCCTT_Enterocyte.Progenitor,1
B1_CAGTTTACCTGTAG_Paneth,3
B1_CATACTACAGCTCA_Enterocyte.Immature.Distal,4
B1_CATCATACTTGTGG_TA.G2,6
B1_CATCGCTGCTTTAC_Goblet,3
B1_CATCTCCTGGCGAA_Enterocyte.Progenitor,1
B1_CATCTCCTTGCTGA_Enterocyte.Immature.Proximal,2
B1_CATCTTGAAAGAAC_TA.G2,0
B1_CATCTTGATTACCT_Endocrine,7
B1_CATGAGACGACGAG_Endocrine,0
B1_CATGAGACTGCAGT_Enterocyte.Immature.Proximal,2
B1_CATGGATGTTCCCG_Enterocyte.Progenitor,2
B1_CATGTACTAACTGC_Paneth,1
B1_CATGTTACCTTAGG_Enterocyte.Immature.Proximal,2
B1_CATGTTACGACGAG_Endocrine,7
B1_CATGTTTGACGCTA_Paneth,0
B1_CATTACACAGCACT_Enterocyte.Progenitor,1
B1_CATTACACCTCGAA_Enterocyte.Progenitor,1
B1_CATTCCCTACCCAA_Endocrine,7
B1_CATTCCCTGACGGA_TA.Early,1
B1_CATTGACTGGTAAA_Goblet,3
B1_CATTGTACACCGAT_Tuft,8
B1_CCAAAGTGTCGTAG_TA.Early,1
B1_CCAAGTGATTCAGG_TA.Early,0
B1_CCACCATGGACGGA_Endocrine,7
B1_CCACCTGAACCTAG_Enterocyte.Mature.Proximal,5
B1_CCACCTGAGGCGAA_Endocrine,7
B1_CCACTGACGTAAGA_TA.G1,1
B1_CCACTGTGCATGCA_Stem,0
B1_CCACTTCTCCTAAG_Tuft,8
B1_CCAGCACTCCAAGT_Enterocyte.Mature.Distal,5
B1_CCAGCACTCTGAAC_Enterocyte.Mature.Distal,5
B1_CCAGCGGACCCTTG_Endocrine,7
B1_CCAGCGGACTGATG_Enterocyte.Progenitor,1
B1_CCAGGTCTCCCACT_Endocrine,3
B1_CCAGGTCTGTCCTC_Enterocyte.Progenitor,1
B1_CCAGTCACGCTGAT_Enterocyte.Progenitor.Late,1
B1_CCAGTCTGACCAGT_Stem,0
B1_CCAGTCTGCATGCA_TA.Early,1
B1_CCATAGGACGGGAA_Goblet,3
B1_CCATAGGACTGTAG_Enterocyte.Immature.Distal,4
B1_CCATATACTTGCAG_Enterocyte.Progenitor.Early,1
B1_CCATCCGAAAAACG_Stem,0
B1_CCATCCGACTAGAC_TA.G1,0
B1_CCATCCGAGTATGC_Enterocyte.Progenitor.Late,1
B1_CCATCGTGTGCACA_Paneth,3
B1_CCATTAACCTACTT_TA.Early,1
B1_CCCAAAGAGTACCA_Tuft,8
B1_CCCAAAGATTATCC_Enterocyte.Immature.Distal,2
B1_CCCACATGGAGGAC_Tuft,4
B1_CCCAGACTAATGCC_Stem,0
B1_CCCAGACTTCCCGT_Enterocyte.Progenitor,1
B1_CCCATGTGACGGAG_TA.G1,1
B1_CCCGAACTCAACCA_TA.G1,1
B1_CCCGAACTTATGCG_Enterocyte.Progenitor.Late,1
B1_CCCTACGACTGGTA_Goblet,3
B1_CCCTACGATCACCC_TA.G1,0
B1_CCCTAGTGCTGGAT_Enterocyte.Immature.Distal,4
B1_CCCTCAGATAAGCC_TA.G2,6
B1_CCCTCAGATGTTTC_Enterocyte.Immature.Proximal,2
B1_CCCTGAACTCAGTG_Stem,0
B1_CCCTGATGGAGGTG_Enterocyte.Progenitor.Early,1
B1_CCCTTACTTCCTTA_Stem,0
B1_CCGAAAACTACTTC_TA.Early,1
B1_CCGACACTCCCGTT_Goblet,3
B1_CCGACACTGGGATG_Enterocyte.Progenitor.Early,1
B1_CCGACTACGCTTAG_Stem,0
B1_CCGGAGACAACGGG_Stem,0
B1_CCGGTACTGTCTAG_Endocrine,7
B1_CCGGTACTGTGAGG_Goblet,3
B1_CCGTAAGACCAATG_Enterocyte.Progenitor.Late,1
B1_CCGTAAGACCTCCA_Endocrine,7
B1_CCGTAAGAGCTATG_Enterocyte.Progenitor.Late,1
B1_CCGTACACCAAGCT_TA.G1,1
B1_CCTAAACTACACTG_Enterocyte.Progenitor,1
B1_CCTAAACTTTCCCG_Enterocyte.Progenitor,4
B1_CCTAAGGATCAAGC_Endocrine,7
B1_CCTAGAGAACAGTC_Stem,1
B1_CCTAGAGAAGAGAT_Stem,0
B1_CCTATAACCAGAGG_Stem,0
B1_CCTATTGACTTGGA_Stem,0
B1_CCTCATCTCGTTGA_Stem,0
B1_CCTCTACTAGTACC_Enterocyte.Progenitor.Early,1
B1_CCTGCAACCGTTAG_TA.Early,1
B1_CGAACATGATCGTG_Enterocyte.Immature.Distal,4
B1_CGAACATGCTGAGT_TA.G2,0
B1_CGAAGACTTCTACT_Stem,0
B1_CGACAAACAAACGA_Stem,0
B1_CGACCACTCACACA_Endocrine,7
B1_CGACCACTCACTGA_Enterocyte.Mature.Proximal,5
B1_CGACCGGAACCAGT_TA.Early,0
B1_CGACCTACAAACGA_Enterocyte.Progenitor.Early,1
B1_CGACGTCTCGGAGA_Endocrine,7
B1_CGACTGCTTATCGG_TA.Early,1
B1_CGAGAACTACCATG_Stem,0
B1_CGAGCCGACCATGA_TA.Early,1
B1_CGAGCCGACTACGA_Enterocyte.Progenitor.Early,1
B1_CGAGGAGAGTGTTG_Enterocyte.Immature.Distal,4
B1_CGAGGAGAGTTTCT_Stem,0
B1_CGAGGAGATGGGAG_TA.Early,1
B1_CGAGGCTGGAGGAC_Stem,0
B1_CGAGGCTGTTCTAC_TA.Early,1
B1_CGAGGGCTACCAGT_TA.G1,0
B1_CGAGTATGGTTGCA_TA.Early,0
B1_CGAGTATGTCCCAC_Enterocyte.Progenitor.Late,1
B1_CGATACGATTCAGG_Paneth,0
B1_CGATAGACGTTAGC_Enterocyte.Progenitor.Late,1
B1_CGCACGGAGTGTAC_Stem,0
B1_CGCAGGTGCTAGCA_TA.Early,0
B1_CGCATAGAAACGAA_Enterocyte.Progenitor,1
B1_CGCATAGACACTTT_TA.G2,6
B1_CGCCGAGAAGAATG_TA.Early,1
B1_CGCGGATGTGCAAC_Endocrine,7
B1_CGCTAAGAGTTACG_Stem,0
B1_CGCTCATGTAAGGA_Tuft,8
B1_CGGAATTGTAACCG_Enterocyte.Immature.Distal,2
B1_CGGACTCTGTCTAG_Enterocyte.Immature.Distal,4
B1_CGGAGGCTCTCATT_Stem,0
B1_CGGATAACCCTACC_Goblet,3
B1_CGGATAACGCTAAC_Stem,0
B1_CGGATAACGTAAGA_Endocrine,7
B1_CGGCATCTGGATCT_Enterocyte.Progenitor.Late,1
B1_CGGTAAACAACGAA_TA.Early,1
B1_CGGTACCTGGCGAA_Enterocyte.Progenitor.Early,1
B1_CGGTACCTTGTTCT_TA.Early,1
B1_CGTAACGAAGTACC_Enterocyte.Progenitor.Early,0
B1_CGTACAGATCTACT_Enterocyte.Immature.Distal,4
B1_CGTACAGATGTCTT_Stem,0
B1_CGTACCACACCATG_Enterocyte.Progenitor.Late,2
B1_CGTACCTGTGTCTT_Paneth,0
B1_CGTCAAGAGACACT_Goblet,3
B1_CGTGATGATTGGTG_Enterocyte.Progenitor.Early,1
B1_CGTGCACTACTAGC_TA.G1,6
B1_CGTGCACTGACGTT_Enterocyte.Progenitor.Early,1
B1_CGTTAACTACACTG_TA.Early,0
B1_CGTTAACTCCTACC_Goblet,3
B1_CGTTAGGAAGCCAT_Enterocyte.Progenitor,1
B1_CGTTAGGACCGAAT_Stem,0
B1_CGTTATACGAGAGC_Enterocyte.Progenitor,1
B1_CGTTTAACAAAGCA_Endocrine,7
B1_CGTTTAACGTCACA_Goblet,3
B1_CTAACTACGCATCA_TA.G2,0
B1_CTAAGGTGCCAACA_Stem,0
B1_CTAATGCTGAGACG_Enterocyte.Progenitor.Late,1
B1_CTACAACTACGGTT_Enterocyte.Immature.Proximal,2
B1_CTACAACTAGAACA_Enterocyte.Mature.Proximal,5
B1_CTACGCACCGCCTT_Goblet,3
B1_CTACGGCTCCCACT_Paneth,0
B1_CTACGGCTCTAGTG_TA.G2,6
B1_CTACTCCTATCGTG_Enterocyte.Progenitor,1
B1_CTACTCCTCTCGCT_TA.Early,1
B1_CTAGAGACACAGCT_TA.Early,1
B1_CTAGGATGCATCAG_Enterocyte.Progenitor,2
B1_CTAGGCCTCGCCTT_Stem,0
B1_CTAGGTGAGTGAGG_Paneth,0
B1_CTAGTTACACAGCT_Stem,0
B1_CTAGTTACACCACA_Enterocyte.Immature.Proximal,2
B1_CTAGTTTGGAGGAC_Paneth,0
B1_CTATAAGATGTGGT_Tuft,6
B1_CTATACTGACCAAC_Goblet,3
B1_CTATACTGTAGACC_TA.Early,0
B1_CTATCAACTTCTTG_Enterocyte.Progenitor.Late,1
B1_CTATCATGCTTCTA_Enterocyte.Progenitor,1
B1_CTATCCCTAAGGTA_TA.G2,6
B1_CTATGACTACGACT_Enterocyte.Immature.Distal,4
B1_CTATGACTACGTGT_Enterocyte.Progenitor,1
B1_CTATGTACACCTAG_Stem,0
B1_CTATGTACGTTAGC_TA.Early,1
B1_CTATGTACTCAGAC_TA.Early,0
B1_CTATTGACCTCTCG_Paneth,0
B1_CTATTGTGTGTCCC_Paneth,0
B1_CTCAGAGATCTAGG_Enterocyte.Immature.Proximal,2
B1_CTCAGCACGGACGA_Enterocyte.Progenitor.Early,1
B1_CTCATTGAAAAGTG_TA.G2,0
B1_CTCCATCTTTTCGT_Stem,0
B1_CTCCGAACTGACAC_Stem,0
B1_CTCGAAGAGTTGCA_Enterocyte.Progenitor,1
B1_CTCGACACTGGCAT_Enterocyte.Immature.Proximal,2
B1_CTCGACTGCACAAC_Enterocyte.Mature.Proximal,5
B1_CTCGACTGTCGTTT_Stem,0
B1_CTCGCATGGGTACT_Enterocyte.Immature.Proximal,2
B1_CTCTAAACGCAGAG_TA.Early,0
B1_CTCTAATGGCAGTT_Enterocyte.Immature.Proximal,2
B1_CTGAACGAGTAGGG_TA.G1,6
B1_CTGAAGACGGTGGA_Enterocyte.Progenitor,1
B1_CTGAAGTGGAGATA_Endocrine,7
B1_CTGAATCTATCTCT_Enterocyte.Progenitor.Early,1
B1_CTGAATCTTCTCGC_Goblet,3
B1_CTGACAGACGGAGA_Endocrine,7
B1_CTGACCACAGCATC_Tuft,8
B1_CTGATTTGGGCATT_Goblet,3
B1_CTGCCAACGTGTAC_Enterocyte.Mature.Proximal,5
B1_CTGCGACTAGCGGA_Enterocyte.Progenitor.Early,1
B1_CTGCGACTGCGTAT_Endocrine,7
B1_CTGCGACTGGATCT_TA.Early,1
B1_CTGCGACTTACGCA_Enterocyte.Mature.Proximal,5
B1_CTGCGACTTGGAAA_Enterocyte.Immature.Distal,4
B1_CTGGAAACACACCA_Stem,0
B1_CTGGATGATGCAGT_TA.Early,0
B1_CTGGCACTATTCGG_Stem,0
B1_CTGGCACTTCACCC_Enterocyte.Progenitor.Late,4
B1_CTGGCACTTCCTGC_Enterocyte.Mature.Distal,4
B1_CTGTAACTGGAAAT_Enterocyte.Progenitor,1
B1_CTTAAAGAACGTGT_Enterocyte.Immature.Distal,2
B1_CTTAAAGAGTGCTA_Stem,0
B1_CTTAAGCTAAAGTG_TA.G2,6
B1_CTTAAGCTTGTAGC_Enterocyte.Mature.Distal,4
B1_CTTACAACCGCCTT_Enterocyte.Immature.Distal,4
B1_CTTACAACTAGACC_Enterocyte.Progenitor.Late,1
B1_CTTACAACTCGTAG_TA.G1,0
B1_CTTAGACTTCCAAG_Enterocyte.Immature.Distal,2
B1_CTTATCGACGACTA_Goblet,3
B1_CTTCATGATTTCTG_Stem,0
B1_CTTCTAGAGACTAC_Enterocyte.Immature.Proximal,2
B1_CTTGAACTTGGAAA_Enterocyte.Progenitor,1
B1_CTTTAGTGGGACGA_TA.G1,0
B1_CTTTCAGAACGGTT_Goblet,3
B1_CTTTCAGAAGCGGA_Enterocyte.Progenitor.Late,4
B1_GAAACCTGAACCGT_Enterocyte.Progenitor.Early,2
B1_GAAAGCCTGCGGAA_Tuft,8
B1_GAAATACTTCGATG_TA.Early,1
B1_GAAATACTTTTCGT_TA.Early,1
B1_GAACACACATGTCG_Enterocyte.Immature.Distal,1
B1_GAACACACGTAGCT_Endocrine,0
B1_GAACACACGTCATG_Enterocyte.Progenitor.Late,1
B1_GAACAGCTCGTGAT_Paneth,1
B1_GAACCAACCGCTAA_Enterocyte.Immature.Distal,2
B1_GAACCTGAACGCTA_Enterocyte.Progenitor,1
B1_GAACGGGAAGTAGA_Enterocyte.Progenitor.Early,6
B1_GAACGGGATGTGGT_Enterocyte.Immature.Distal,2
B1_GAAGCGGAACAGTC_Enterocyte.Progenitor.Early,1
B1_GAAGCGGAGTGTTG_TA.G2,0
B1_GAAGCTTGCACAAC_TA.G1,0
B1_GAAGGTCTGGTTAC_Enterocyte.Immature.Proximal,1
B1_GAAGTAGAGGTAAA_Enterocyte.Immature.Proximal,2
B1_GAAGTCACAACCTG_Enterocyte.Immature.Distal,2
B1_GAAGTCACAAGCAA_Goblet,3
B1_GAAGTCACTTGCGA_Stem,0
B1_GAAGTCTGTTTCAC_TA.G2,0
B1_GAAGTGCTACCAAC_Enterocyte.Progenitor,1
B1_GAATGCACGAACTC_Endocrine,7
B1_GAATGCACGCTTCC_TA.G2,6
B1_GAATGCTGGTACGT_TA.Early,0
B1_GAATGGCTGACGTT_Enterocyte.Progenitor,1
B1_GAATGGCTGTAAGA_TA.Early,0
B1_GACAACACCATGCA_TA.Early,1
B1_GACAACTGGTATGC_Stem,0
B1_GACAGGGACGTTGA_Enterocyte.Progenitor.Late,1
B1_GACAGTACAGCGTT_Enterocyte.Mature.Proximal,5
B1_GACATTCTAGTGTC_Enterocyte.Mature.Proximal,5
B1_GACCATGAAATCGC_Enterocyte.Progenitor.Early,1
B1_GACCTAGAATTCGG_Enterocyte.Progenitor.Late,1
B1_GACCTAGACAGCTA_Tuft,6
B1_GACCTCACCCTGTC_Goblet,3
B1_GACCTCTGCTGCAA_TA.Early,0
B1_GACGAGGAATCAGC_Goblet,3
B1_GACGATTGACTACG_Goblet,3
B1_GACGATTGTGACCA_TA.Early,1
B1_GACGCTCTGAGCAG_TA.G1,1
B1_GACGCTCTTGTGCA_Enterocyte.Immature.Distal,4
B1_GACGTAACTGTCCC_Enterocyte.Progenitor.Early,1
B1_GACGTAACTTACTC_Stem,0
B1_GACTACGAAACTGC_Enterocyte.Mature.Proximal,5
B1_GACTACGATTCTGT_Endocrine,7
B1_GACTCCTGGTAGGG_Enterocyte.Immature.Proximal,2
B1_GACTGTGATTCGGA_Goblet,3
B1_GACTTTACACCCAA_TA.G1,1
B1_GACTTTACGCTGAT_TA.G1,0
B1_GAGATAGAACGACT_Paneth,0
B1_GAGATAGACGTGTA_Endocrine,7
B1_GAGATGCTGATGAA_Stem,0
B1_GAGCAGGAGTAAAG_Enterocyte.Progenitor.Early,1
B1_GAGCATACAGGGTG_Enterocyte.Mature.Proximal,5
B1_GAGCGAGACATTCT_Stem,0
B1_GAGCGAGAGTCTGA_Enterocyte.Progenitor.Late,1
B1_GAGCGCACTGAGGG_TA.G1,1
B1_GAGCGGCTTCCTAT_Enterocyte.Mature.Proximal,5
B1_GAGCGGCTTGTCGA_Stem,0
B1_GAGGACGACGTACA_Goblet,3
B1_GAGGCAGATCAAGC_Stem,0
B1_GAGGCCACGACTAC_Endocrine,7
B1_GAGGCCACTCGATG_TA.G2,6
B1_GAGGGAACCTACTT_TA.Early,1
B1_GAGGGCCTAAGTGA_Enterocyte.Progenitor.Early,1
B1_GAGGTGGACTGTGA_TA.G2,6
B1_GAGGTTACTCAGAC_Stem,0
B1_GAGTACACATCTCT_Enterocyte.Immature.Distal,4
B1_GAGTCTGAATACCG_Enterocyte.Progenitor.Early,1
B1_GAGTCTGATTACTC_Stem,0
B1_GAGTGACTCTACCC_Enterocyte.Mature.Proximal,5
B1_GATAATACCATTCT_Goblet,3
B1_GATACTCTATGTCG_Enterocyte.Mature.Proximal,5
B1_GATACTCTGAAACA_Stem,0
B1_GATACTCTTGAGCT_Endocrine,7
B1_GATAGAGAAACCAC_TA.Early,6
B1_GATAGAGATGCTCC_Endocrine,7
B1_GATATAACAGCTAC_Enterocyte.Mature.Proximal,5
B1_GATATAACTCTTTG_TA.G2,6
B1_GATATATGCTGGTA_Goblet,3
B1_GATATATGCTTACT_Goblet,3
B1_GATATTGAACCTAG_TA.Early,0
B1_GATCCGCTTGCCAA_Goblet,3
B1_GATCGATGGTTGAC_Enterocyte.Progenitor.Late,1
B1_GATCTACTTCCAGA_Stem,0
B1_GATCTTACGCTTCC_Endocrine,7
B1_GATGACACAGTCGT_Enterocyte.Immature.Distal,4
B1_GATGACACGACGAG_Enterocyte.Immature.Distal,2
B1_GATGCAACTACTCT_Enterocyte.Immature.Proximal,2
B1_GATGCATGTCTATC_Stem,0
B1_GATGCCCTTCCTTA_Endocrine,7
B1_GATTACCTTCTTTG_Enterocyte.Progenitor.Early,1
B1_GATTCGGAAGAATG_Enterocyte.Progenitor,1
B1_GATTCGGAGTCTTT_Enterocyte.Progenitor,1
B1_GATTCTTGGTAAAG_Enterocyte.Progenitor.Early,1
B1_GATTCTTGTGGTAC_Paneth,0
B1_GATTGGACGACGAG_Enterocyte.Immature.Distal,4
B1_GATTGGACGGAGTG_Goblet,3
B1_GATTGGACGTCAAC_Paneth,1
B1_GATTGGTGCCTCCA_Stem,0
B1_GATTTAGAGCGATT_Enterocyte.Immature.Distal,4
B1_GATTTGCTAATCGC_Enterocyte.Progenitor,1
B1_GATTTGCTCACTTT_TA.G1,1
B1_GATTTGCTGACACT_TA.G2,6
B1_GATTTGCTTCTCTA_TA.Early,0
B1_GCAAACTGAAGGCG_Enterocyte.Progenitor.Early,1
B1_GCAAACTGAGAACA_Enterocyte.Progenitor.Early,6
B1_GCAAACTGATACCG_Paneth,0
B1_GCAACTGACTGAGT_TA.G1,6
B1_GCAATCGACTTTAC_Enterocyte.Immature.Distal,4
B1_GCAATTCTACGACT_Enterocyte.Immature.Proximal,2
B1_GCAATTCTCCTTCG_Enterocyte.Immature.Distal,4
B1_GCAATTCTTGCTTT_TA.G1,0
B1_GCACAAACTGAGAA_Enterocyte.Immature.Distal,4
B1_GCACAATGGCCCTT_Goblet,1
B1_GCACAATGTACTCT_Stem,0
B1_GCACACCTCGACTA_Paneth,0
B1_GCACACCTTCGCAA_TA.Early,1
B1_GCACCACTACCACA_TA.Early,1
B1_GCACCACTACTCAG_Enterocyte.Progenitor.Late,2
B1_GCACCTACCTCAGA_Enterocyte.Immature.Proximal,2
B1_GCACCTTGACGCTA_TA.Early,0
B1_GCACCTTGGCCAAT_Enterocyte.Immature.Proximal,2
B1_GCACCTTGGGGCAA_Tuft,8
B1_GCACGTCTCGTACA_Tuft,6
B1_GCACGTCTGACACT_Enterocyte.Progenitor,1
B1_GCACTGCTCACTTT_Paneth,0
B1_GCAGCGTGAACGTC_TA.Early,0
B1_GCAGCGTGAGCCAT_Stem,0
B1_GCAGCGTGCGACTA_Paneth,3
B1_GCAGCTCTTGCTTT_Enterocyte.Mature.Proximal,5
B1_GCAGTCCTGTTGAC_Enterocyte.Progenitor,1
B1_GCAGTTGAAACGGG_Paneth,6
B1_GCATCAGATTCCAT_TA.G1,0
B1_GCATGATGGGGTGA_Enterocyte.Progenitor.Early,1
B1_GCATGTGAGACTAC_Goblet,3
B1_GCATTGGAATCACG_TA.Early,6
B1_GCCAACCTCCACCT_Paneth,1
B1_GCCAACCTGTGAGG_Endocrine,7
B1_GCCAACCTTGATGC_Tuft,0
B1_GCCACGGACTGAGT_Enterocyte.Immature.Proximal,2
B1_GCCACTACCCGAAT_TA.G1,0
B1_GCCACTACGGTCAT_Stem,0
B1_GCCATCACATGTCG_Stem,0
B1_GCCATCACCGACTA_Stem,0
B1_GCCATGCTGCGTTA_Stem,0
B1_GCCATGCTGGTCAT_Stem,0
B1_GCCCAACTATCTCT_TA.Early,0
B1_GCCCATACATTGGC_Enterocyte.Progenitor.Early,1
B1_GCCCATACGACGAG_Tuft,8
B1_GCCGACGATGGTGT_TA.G2,0
B1_GCCGGAACATGGTC_Enterocyte.Progenitor.Early,1
B1_GCCGGAACCAGAAA_Stem,0
B1_GCCGGAACTCAAGC_Stem,0
B1_GCCGGAACTTGAGC_Stem,0
B1_GCCGTACTCTTGTT_Enterocyte.Progenitor.Early,1
B1_GCCGTACTGTACCA_Paneth,3
B1_GCCTACACAGACTC_Enterocyte.Mature.Proximal,5
B1_GCCTACACCTACGA_Paneth,0
B1_GCCTAGCTACGCTA_Endocrine,7
B1_GCCTAGCTCGAGAG_Enterocyte.Mature.Distal,5
B1_GCCTAGCTGATAGA_Enterocyte.Mature.Proximal,2
B1_GCCTAGCTGCGAAG_Endocrine,7
B1_GCCTCATGCTGGAT_Enterocyte.Immature.Distal,4
B1_GCCTGACTTGTTTC_Stem,0
B1_GCGAAGGATAAGGA_Enterocyte.Progenitor.Early,1
B1_GCGAGCACCCGATA_TA.G2,6
B1_GCGAGCACTAGCGT_TA.G2,6
B1_GCGATATGCTTGCC_Enterocyte.Progenitor.Late,1
B1_GCGATATGGTTGAC_Enterocyte.Mature.Proximal,2
B1_GCGCACGATGACTG_TA.G1,6
B1_GCGCGAACGTCGTA_Stem,0
B1_GCGCGATGTAGTCG_Goblet,3
B1_GCGGCAACTGCTTT_Stem,0
B1_GCGGCAACTTACTC_TA.G1,1
B1_GCGGGACTGGCAAG_Enterocyte.Progenitor.Late,1
B1_GCGTACCTAAGTGA_Paneth,3
B1_GCGTACCTGGAACG_Tuft,8
B1_GCGTACCTTCGACA_Enterocyte.Progenitor,1
B1_GCGTATGATCTCCG_TA.Early,1
B1_GCTAGAACACTTTC_Paneth,1
B1_GCTAGATGGGTGTT_Tuft,0
B1_GCTATACTATTCTC_Enterocyte.Progenitor.Late,2
B1_GCTATACTGCTGAT_TA.G1,1
B1_GCTCAAGAAACCTG_Stem,0
B1_GCTCAAGATTCCCG_TA.Early,1
B1_GCTCCATGTTCAGG_Stem,0
B1_GCTCCATGTTCATC_Stem,0
B1_GCTGATGATCTTAC_TA.Early,1
B1_GCTGATGATGTGGT_Enterocyte.Immature.Distal,4
B1_GCTTAACTGCGAGA_Stem,0
B1_GCTTAACTGTCTTT_TA.G1,1
B1_GGAACTACAGTCTG_TA.G2,6
B1_GGAACTACATTCTC_TA.Early,1
B1_GGAACTACTCTACT_Enterocyte.Immature.Distal,4
B1_GGAAGGACATTTCC_Enterocyte.Immature.Distal,4
B1_GGAAGGACGTGCAT_Enterocyte.Immature.Distal,1
B1_GGAAGGTGCGACAT_Enterocyte.Progenitor.Late,1
B1_GGAATCTGACTTTC_Enterocyte.Progenitor.Late,1
B1_GGAATCTGCAGGAG_Tuft,8
B1_GGAATGCTTGTTTC_Stem,0
B1_GGACAACTGAATGA_Enterocyte.Progenitor.Early,1
B1_GGACAACTTCGTAG_Enterocyte.Progenitor.Late,2
B1_GGACCCGACCATAG_Enterocyte.Immature.Proximal,2
B1_GGACCTCTCGGGAA_Stem,0
B1_GGACCTCTTCTACT_Tuft,8
B1_GGACGAGACGAATC_Endocrine,7
B1_GGACGCACATCACG_Enterocyte.Progenitor.Early,1
B1_GGACGCACTACTTC_Enterocyte.Immature.Distal,2
B1_GGACGCACTCCAAG_Enterocyte.Progenitor.Late,2
B1_GGACTATGGCAAGG_Endocrine,3
B1_GGACTATGGCTTCC_Stem,6
B1_GGACTATGTTGTGG_Paneth,3
B1_GGAGAGACAGATCC_Enterocyte.Progenitor.Early,1
B1_GGAGAGACTCCAAG_Enterocyte.Mature.Distal,5
B1_GGAGAGACTCTATC_Enterocyte.Progenitor.Late,2
B1_GGAGAGACTTTCTG_Enterocyte.Immature.Distal,4
B1_GGAGCAGATGCTCC_Stem,0
B1_GGAGGATGTGTTCT_Enterocyte.Immature.Distal,4
B1_GGAGGTGACCTCGT_Stem,0
B1_GGAGTTACAAAACG_TA.Early,1
B1_GGATAGCTGTCGTA_Enterocyte.Progenitor,1
B1_GGATAGCTTTATCC_Stem,0
B1_GGATGTACGATAAG_TA.G1,3
B1_GGATGTTGAACAGA_Enterocyte.Progenitor.Early,1
B1_GGCAAGGAAGGCGA_Stem,0
B1_GGCAATACTATCGG_Enterocyte.Immature.Distal,4
B1_GGCAATACTCCGTC_TA.G2,0
B1_GGCACGTGTTCGTT_Enterocyte.Immature.Proximal,2
B1_GGCATATGACCACA_TA.Early,1
B1_GGCATATGCAGCTA_Enterocyte.Progenitor.Early,1
B1_GGCATATGGACGTT_Stem,0
B1_GGCCAGACCTTCCG_Enterocyte.Mature.Proximal,5
B1_GGCCGATGAACCTG_Enterocyte.Progenitor,0
B1_GGCCGATGGCGATT_Paneth,0
B1_GGCGACACGTGTTG_Enterocyte.Progenitor.Late,1
B1_GGCGACACTACTCT_Enterocyte.Immature.Distal,1
B1_GGCGCATGGAAAGT_Tuft,8
B1_GGCGCATGTCCTGC_TA.G2,6
B1_GGCGGACTGTTGGT_Enterocyte.Immature.Proximal,2
B1_GGCTACCTGGTGAG_Stem,0
B1_GGCTACCTTGTCTT_Goblet,3
B1_GGGAAGACGATAGA_TA.Early,0
B1_GGGAAGTGGAGGTG_TA.G2,6
B1_GGGAAGTGGTGAGG_Enterocyte.Mature.Proximal,5
B1_GGGACCACAGAAGT_Goblet,3
B1_GGGACCACTGTTCT_Enterocyte.Progenitor.Early,1
B1_GGGACCTGGTACCA_Endocrine,7
B1_GGGATGGAAGCAAA_Enterocyte.Progenitor.Early,6
B1_GGGATTACCGAGTT_TA.G2,0
B1_GGGCAAGAAGTGTC_TA.G1,0
B1_GGGCAGCTAAGTAG_Goblet,3
B1_GGGCAGCTTTCATC_Stem,0
B1_GGGCCATGCGTAAC_Enterocyte.Immature.Proximal,2
B1_GGGTTATGAGAGTA_Enterocyte.Progenitor.Late,1
B1_GGGTTATGTGCTAG_Enterocyte.Immature.Distal,2
B1_GGTAAAGAGGTGAG_Stem,0
B1_GGTACAACAAGAAC_Enterocyte.Mature.Proximal,5
B1_GGTACAACTCTCAT_Stem,0
B1_GGTAGTACGCCTTC_Stem,0
B1_GGTAGTACTTGCTT_Enterocyte.Immature.Distal,1
B1_GGTATGACGGCATT_Stem,0
B1_GGTATGACGGTCTA_Enterocyte.Progenitor,1
B1_GGTCTAGAAGTCTG_TA.G1,0
B1_GGTCTAGACTTCGC_Stem,0
B1_GGTCTAGATTATCC_Enterocyte.Progenitor.Early,1
B1_GGTTGAACTACTTC_Enterocyte.Progenitor.Early,1
B1_GGTTTACTACGCAT_Enterocyte.Progenitor.Early,1
B1_GTAACGTGGCTCCT_Stem,0
B1_GTAAGCTGAGAACA_Goblet,3
B1_GTAAGCTGCCTTTA_Tuft,8
B1_GTAATATGTGCAAC_Goblet,3
B1_GTACCCTGACACCA_Stem,0
B1_GTACGAACACCGAT_Stem,0
B1_GTACGAACCCTTTA_Enterocyte.Progenitor.Late,1
B1_GTACGAACTGACTG_Stem,0
B1_GTACTTTGACCTAG_Stem,0
B1_GTAGACTGTCCGTC_Enterocyte.Mature.Distal,5
B1_GTAGCCCTCCATGA_Enterocyte.Immature.Proximal,2
B1_GTAGCCCTGCTAAC_Enterocyte.Progenitor.Late,1
B1_GTAGCCCTGGTCAT_TA.G2,6
B1_GTAGGTACACGTGT_Stem,0
B1_GTAGGTACTCCTCG_Endocrine,7
B1_GTAGTCGAGGTCTA_Stem,0
B1_GTAGTGACAAAGTG_Enterocyte.Mature.Proximal,5
B1_GTATCACTGTGCAT_Enterocyte.Progenitor.Late,1
B1_GTATGGTGGTAGGG_TA.Early,0
B1_GTATTAGAGCCCTT_Goblet,3
B1_GTATTAGATGCTGA_Tuft,8
B1_GTATTCACATCACG_Stem,0
B1_GTATTCACGAGATA_Enterocyte.Progenitor.Early,1
B1_GTCAATCTCTCTCG_TA.G2,0
B1_GTCACAGACCGTTC_Paneth,1
B1_GTCACAGAGGTATC_TA.Early,0
B1_GTCCACACCCTTTA_TA.Early,1
B1_GTCCACACGCTTAG_Paneth,0
B1_GTCCAGCTAAAAGC_Enterocyte.Progenitor,1
B1_GTCCAGCTTGAACC_Enterocyte.Progenitor.Late,0
B1_GTCCAGCTTGAAGA_Enterocyte.Immature.Distal,4
B1_GTCGAATGCTGTGA_Enterocyte.Progenitor.Early,1
B1_GTCGACCTCTGTCC_Goblet,3
B1_GTCTAACTAAAAGC_TA.G1,0
B1_GTCTAACTTCAGGT_Enterocyte.Mature.Proximal,5
B1_GTCTAGGAAACTGC_TA.Early,1
B1_GTCTAGGATGCAAC_Stem,0
B1_GTCTGAGAAGAAGT_Enterocyte.Mature.Proximal,5
B1_GTCTGAGACTGCAA_Enterocyte.Progenitor.Late,1
B1_GTGAACACAGGAGC_Enterocyte.Progenitor.Late,1
B1_GTGACAACCACTCC_Stem,0
B1_GTGACCCTCAGGAG_Goblet,3
B1_GTGAGGGATCCTAT_Enterocyte.Progenitor.Early,1
B1_GTGATGACCCGTTC_Enterocyte.Progenitor.Late,2
B1_GTGATGACTGCTAG_Enterocyte.Immature.Distal,2
B1_GTGATTCTCTCTCG_TA.Early,0
B1_GTGATTCTTTCGGA_TA.Early,1
B1_GTGCAAACGGTCAT_Goblet,3
B1_GTGCCACTCTATTC_TA.G2,1
B1_GTGCCACTTTGACG_Enterocyte.Immature.Distal,4
B1_GTGCTAGATCCTGC_Endocrine,7
B1_GTGGAGGAAGCTAC_Enterocyte.Immature.Distal,2
B1_GTGGTAACTGACCA_Goblet,3
B1_GTGTACGATTCTCA_Enterocyte.Progenitor.Early,1
B1_GTGTAGTGCTTGTT_Tuft,8
B1_GTTAACCTAGAAGT_Paneth,0
B1_GTTACGGATCCAGA_TA.G1,0
B1_GTTACTACCCAGTA_Enterocyte.Progenitor.Late,2
B1_GTTAGTCTAACCAC_Enterocyte.Immature.Distal,2
B1_GTTAGTCTTTACCT_Enterocyte.Mature.Distal,4
B1_GTTATGCTACCTTT_Paneth,0
B1_GTTCAACTACCTTT_Enterocyte.Mature.Proximal,5
B1_GTTCAGGACTCGCT_Enterocyte.Immature.Distal,2
B1_GTTCATACGCAGTT_Enterocyte.Progenitor,1
B1_GTTGGATGGCTTCC_TA.G1,1
B1_GTTGTACTACTGGT_Goblet,3
B1_GTTGTACTTGGTTG_Enterocyte.Immature.Proximal,2
B1_GTTGTACTTTGCTT_Stem,0
B1_TAAACAACCGCAAT_Stem,0
B1_TAAACAACTCCAAG_Enterocyte.Progenitor,1
B1_TAAATCGAGGTCTA_Paneth,6
B1_TAACAATGCGTACA_Stem,0
B1_TAACACCTGGACGA_Stem,0
B1_TAACATGACCACAA_Enterocyte.Progenitor,1
B1_TAACCGGAAGGCGA_Enterocyte.Mature.Proximal,5
B1_TAACGTCTACACTG_Enterocyte.Immature.Proximal,2
B1_TAACGTCTTGACTG_Stem,0
B1_TAACTAGAGACGGA_Paneth,0
B1_TAACTAGATTCGCC_Stem,0
B1_TAACTCACCTCCAC_Paneth,0
B1_TAACTCACTGCCCT_Stem,0
B1_TAAGAACTGTCCTC_Enterocyte.Immature.Proximal,2
B1_TAAGATTGGGCGAA_TA.Early,0
B1_TAAGCGTGCCCGTT_Enterocyte.Mature.Proximal,5
B1_TAAGCTCTAACGTC_TA.Early,1
B1_TAAGCTCTCTTCCG_Enterocyte.Progenitor,1
B1_TAAGGCTGTAGCCA_Enterocyte.Immature.Distal,4
B1_TAAGTAACGCTGAT_Goblet,0
B1_TAAGTAACGTCTTT_Enterocyte.Progenitor.Late,1
B1_TAAGTAACTGAACC_Enterocyte.Progenitor.Early,1
B1_TAAGTCCTTGTTCT_Enterocyte.Mature.Proximal,5
B1_TAATCCACGGTTCA_Stem,0
B1_TAATCCACTGTCTT_Paneth,0
B1_TAATCGCTTATGGC_Stem,0
B1_TAATGAACCAACTG_Stem,0
B1_TAATGAACTTCCGC_Stem,0
B1_TACAAATGCAACTG_Stem,0
B1_TACATAGAGTTTGG_Enterocyte.Immature.Distal,4
B1_TACATCACGGACGA_Enterocyte.Progenitor,1
B1_TACCATTGACTGGT_Stem,0
B1_TACCATTGCTAGTG_Enterocyte.Progenitor.Late,2
B1_TACCGAGAAAAAGC_TA.G1,0
B1_TACGACGATTCCCG_Stem,0
B1_TACGAGTGTGCATG_Enterocyte.Progenitor.Early,1
B1_TACGCAGAGTTCGA_Enterocyte.Progenitor.Early,1
B1_TACGCCACCACAAC_Endocrine,7
B1_TACGCCACGTACAC_Enterocyte.Progenitor.Early,1
B1_TACGGCCTAACGGG_Goblet,3
B1_TACGGCCTGGTAAA_Goblet,3
B1_TACGGCCTTCTCAT_Goblet,3
B1_TACGGCCTTGCTGA_Enterocyte.Progenitor,2
B1_TACGGCCTTTCTTG_Enterocyte.Progenitor.Late,2
B1_TACGTACTTTATCC_Enterocyte.Mature.Distal,5
B1_TACGTTACTCCGAA_Goblet,3
B1_TACTAAGAATGTGC_Enterocyte.Progenitor,1
B1_TACTAAGATACTGG_Enterocyte.Mature.Proximal,5
B1_TACTAAGATGCGTA_Enterocyte.Progenitor.Early,1
B1_TACTACACTCGCTC_Goblet,3
B1_TACTCCCTAAAACG_Enterocyte.Immature.Distal,4
B1_TACTCCCTACCTAG_Enterocyte.Progenitor.Late,1
B1_TACTCTGACGGAGA_Enterocyte.Immature.Proximal,2
B1_TACTCTGATCATTC_Paneth,6
B1_TACTGGGACTCAAG_TA.Early,1
B1_TACTGGGATCTCTA_Stem,0
B1_TACTGTTGCACAAC_Goblet,3
B1_TACTGTTGGAGACG_Enterocyte.Mature.Distal,4
B1_TACTTGACTGCTAG_TA.G1,1
B1_TACTTTCTGTTTCT_Enterocyte.Progenitor.Early,1
B1_TAGAATACCTGAAC_TA.G2,0
B1_TAGAGAGACCTTGC_TA.Early,0
B1_TAGAGAGATTTACC_TA.Early,0
B1_TAGATCCTAAGGCG_Enterocyte.Immature.Distal,4
B1_TAGATCCTATAAGG_TA.G2,6
B1_TAGATTGAACGGTT_Goblet,3
B1_TAGATTGAGGACTT_Paneth,0
B1_TAGATTGAGGTACT_Enterocyte.Progenitor.Early,1
B1_TAGCCCACATTCTC_TA.Early,0
B1_TAGCCGCTGGTGTT_Goblet,3
B1_TAGCTACTTGCATG_Goblet,3
B1_TAGGACTGGCTTAG_Enterocyte.Immature.Distal,4
B1_TAGGAGCTTGTGAC_Enterocyte.Immature.Proximal,2
B1_TAGGAGCTTTCCAT_Stem,0
B1_TAGGCAACACCTTT_TA.G1,6
B1_TAGGCATGTCTACT_Enterocyte.Progenitor.Late,2
B1_TAGGCTGAGGTCTA_Enterocyte.Progenitor.Early,1
B1_TAGGGACTACTACG_Enterocyte.Immature.Distal,4
B1_TAGGGACTGTGCAT_Goblet,3
B1_TAGTAATGGTCTGA_Enterocyte.Immature.Proximal,2
B1_TAGTACCTAACGTC_Stem,0
B1_TAGTCTTGGAATCC_Goblet,3
B1_TAGTCTTGTTCAGG_Enterocyte.Progenitor.Early,1
B1_TAGTGGTGACTGGT_Enterocyte.Progenitor.Early,1
B1_TAGTTCACCAGTTG_Stem,0
B1_TATACAGACCTATT_Stem,0
B1_TATACCACCAGAAA_Enterocyte.Progenitor.Early,1
B1_TATAGATGTAACGC_Stem,0
B1_TATAGCCTGGTCTA_Enterocyte.Progenitor.Early,1
B1_TATCAAGAATTTCC_TA.G2,0
B1_TATCAAGACTATTC_Endocrine,7
B1_TATCACTGGCTTAG_Stem,0
B1_TATCCAACCCCTAC_Enterocyte.Progenitor.Late,1
B1_TATCCAACCGGAGA_TA.G2,0
B1_TATCCAACCTAGAC_Tuft,8
B1_TATCCAACCTCCAC_TA.Early,0
B1_TATCCAACGTTTGG_TA.Early,1
B1_TATCCAACTTGGTG_Enterocyte.Immature.Distal,2
B1_TATCCTGAGGACGA_Stem,0
B1_TATCCTGAGGTGGA_Enterocyte.Mature.Proximal,5
B1_TATCGACTAACGAA_Stem,0
B1_TATCGTACCTACTT_Enterocyte.Progenitor,1
B1_TATCTTCTACACGT_Enterocyte.Mature.Proximal,2
B1_TATCTTCTGAATAG_Enterocyte.Progenitor.Early,6
B1_TATCTTCTGCTGAT_TA.Early,0
B1_TATGCGGAATCGGT_TA.Early,1
B1_TATGCGGATGACAC_TA.Early,1
B1_TATGGGACTCTACT_Enterocyte.Immature.Distal,4
B1_TATGGGTGTACTTC_Enterocyte.Progenitor.Early,1
B1_TATGGTCTAGTGCT_Endocrine,7
B1_TATGTCACTCCTGC_Tuft,0
B1_TATGTCACTTCTTG_Enterocyte.Immature.Distal,4
B1_TATTGCTGCGATAC_Enterocyte.Progenitor.Early,1
B1_TATTTCCTCCTACC_Paneth,0
B1_TATTTCCTTGAGGG_Stem,0
B1_TCAATAGAACAGCT_TA.G2,6
B1_TCAATCACCTTGTT_TA.Early,1
B1_TCACAACTCCCTCA_TA.Early,0
B1_TCACGAGATTTCAC_Enterocyte.Mature.Proximal,5
B1_TCACTATGAGTCAC_TA.Early,1
B1_TCAGACGAACACAC_Stem,0
B1_TCAGACGACTGGTA_Enterocyte.Progenitor.Early,1
B1_TCAGACGACTTATC_Enterocyte.Progenitor.Early,1
B1_TCAGACGATGCTTT_Enterocyte.Mature.Proximal,5
B1_TCAGAGACCATGAC_Enterocyte.Progenitor.Early,1
B1_TCAGCGCTAAGTGA_TA.Early,1
B1_TCAGTACTATACCG_Enterocyte.Progenitor.Early,1
B1_TCAGTGGAACTGGT_Goblet,3
B1_TCAGTGGAAGAACA_Enterocyte.Immature.Proximal,2
B1_TCAGTGGACTGCAA_Enterocyte.Immature.Distal,2
B1_TCAGTTACTAGCGT_TA.G1,0
B1_TCATCATGATCAGC_TA.G2,0
B1_TCATCCCTTCCTAT_TA.Early,0
B1_TCATTCGAATTGGC_Stem,0
B1_TCATTCGATCGTGA_Stem,0
B1_TCATTCGATTTGCT_Enterocyte.Progenitor.Late,1
B1_TCATTGACTCAGGT_Enterocyte.Progenitor.Early,1
B1_TCCAGAGAGTTACG_Enterocyte.Mature.Proximal,5
B1_TCCATAACGAATCC_Enterocyte.Mature.Proximal,5
B1_TCCATCCTTCACCC_Enterocyte.Immature.Distal,2
B1_TCCCACGACCACAA_Stem,0
B1_TCCCAGACAGAAGT_Enterocyte.Immature.Proximal,2
B1_TCCCATCTAAACAG_Stem,0
B1_TCCCATCTTAAGCC_Goblet,3
B1_TCCCGATGAAGATG_Enterocyte.Immature.Proximal,2
B1_TCCCGATGCGTGTA_Paneth,1
B1_TCCCGATGTGTTCT_Goblet,3
B1_TCCGAAGAAACCAC_Enterocyte.Progenitor.Early,1
B1_TCCGAGCTATAAGG_Enterocyte.Progenitor.Late,1
B1_TCCTAAACCAGAGG_Enterocyte.Progenitor.Early,1
B1_TCCTAAACCAGTTG_Stem,0
B1_TCCTAAACCGCAAT_Enterocyte.Progenitor.Early,1
B1_TCCTACCTGTTGGT_Endocrine,7
B1_TCGACGCTATTCGG_Goblet,3
B1_TCGAGCCTCTCAAG_Endocrine,0
B1_TCGATACTAGCGTT_Enterocyte.Progenitor,1
B1_TCGCACTGCTGAAC_TA.G2,0
B1_TCGCAGCTCAGCTA_Enterocyte.Progenitor.Late,1
B1_TCGCAGCTCGTAAC_TA.G2,0
B1_TCGCCATGTAACCG_Enterocyte.Progenitor.Late,2
B1_TCGGTAGACTGGTA_Enterocyte.Immature.Distal,1
B1_TCGTAGGATTGCTT_Paneth,0
B1_TCGTTATGAAGGTA_TA.G2,0
B1_TCTAGACTACAGTC_Enterocyte.Progenitor.Early,1
B1_TCTAGACTGTGCTA_Stem,0
B1_TCTAGACTTTGCGA_Paneth,0
B1_TCTATGTGACCAAC_Enterocyte.Immature.Proximal,2
B1_TCTATGTGATTCTC_Goblet,3
B1_TCTCAAACTTGTGG_Enterocyte.Progenitor.Late,1
B1_TCTCCACTGTATGC_Goblet,3
B1_TCTCCACTTTCGTT_Tuft,1
B1_TCTCTAGAGCTAAC_Enterocyte.Progenitor.Late,1
B1_TCTTCAGACTTGAG_Enterocyte.Mature.Distal,5
B1_TGAAATTGCCACCT_Enterocyte.Progenitor.Early,1
B1_TGACACGATGTCTT_Stem,0
B1_TGACGCCTAGTAGA_Paneth,1
B1_TGACTGGAGCGGAA_TA.Early,0
B1_TGACTGGATAAGGA_Paneth,0
B1_TGACTGGATGAGCT_Enterocyte.Progenitor.Late,2
B1_TGACTGGATGCCCT_Stem,0
B1_TGACTTACACGCTA_TA.Early,0
B1_TGACTTACCAGATC_Enterocyte.Immature.Proximal,2
B1_TGACTTTGCTGCTC_Paneth,3
B1_TGAGACACTCCCGT_TA.Early,1
B1_TGAGCAACGACAGG_Enterocyte.Progenitor,1
B1_TGAGCAACGCTGAT_Stem,0
B1_TGAGCTGAAAAAGC_Enterocyte.Progenitor,2
B1_TGAGGACTTCGCTC_Stem,0
B1_TGAGGACTTGCGTA_TA.Early,1
B1_TGAGGTACGGTACT_TA.Early,1
B1_TGAGGTACGTTGGT_Enterocyte.Immature.Distal,2
B1_TGAGTCGACAAGCT_Enterocyte.Mature.Proximal,2
B1_TGAGTCGAGAGCTT_TA.G2,6
B1_TGAGTGACCCATGA_Enterocyte.Immature.Distal,4
B1_TGATACCTAGAAGT_Enterocyte.Progenitor.Early,6
B1_TGATATGAGTCTGA_Stem,3
B1_TGATCACTGTACCA_TA.G2,0
B1_TGATCGGAGCAGTT_Goblet,3
B1_TGATTCTGGCTTCC_Enterocyte.Immature.Distal,2
B1_TGATTCTGTGGTAC_Endocrine,6
B1_TGCAACGAACGGAG_Stem,0
B1_TGCAACGAACTGTG_Stem,3
B1_TGCAACGATCGCTC_TA.Early,1
B1_TGCAACGATGCGTA_Stem,0
B1_TGCAAGACCCGATA_Enterocyte.Progenitor.Late,1
B1_TGCAAGACGCGTTA_Paneth,0
B1_TGCAAGTGGTAGCT_Goblet,3
B1_TGCAATCTATCTCT_Stem,0
B1_TGCAATCTCATCAG_TA.Early,1
B1_TGCACAGACAGATC_TA.G1,1
B1_TGCACGCTGCGAAG_Enterocyte.Immature.Distal,2
B1_TGCAGATGCATGCA_Enterocyte.Progenitor,1
B1_TGCATGGAATTCGG_Enterocyte.Progenitor.Late,1
B1_TGCATGGACTTGGA_TA.G1,0
B1_TGCCACTGGGAGTG_TA.Early,1
B1_TGCCAGCTAGCACT_TA.Early,1
B1_TGCCAGCTATCAGC_Stem,0
B1_TGCCAGCTCCATAG_Endocrine,7
B1_TGCCAGCTCCCGTT_Enterocyte.Progenitor.Late,2
B1_TGCCCAACCGATAC_TA.Early,1
B1_TGCCCAACGTCTGA_TA.G1,1
B1_TGCCGACTAACCTG_Stem,0
B1_TGCGAAACATTCCT_Enterocyte.Progenitor.Early,1
B1_TGCGAAACCTGCAA_Stem,0
B1_TGCGATGATGAAGA_Enterocyte.Progenitor.Early,6
B1_TGCGCACTATAAGG_TA.G1,1
B1_TGCGCACTATTCCT_Enterocyte.Progenitor.Late,1
B1_TGCGCACTGCATCA_Enterocyte.Mature.Proximal,5
B1_TGCTAGGACGAACT_Tuft,8
B1_TGCTTAACGGTGGA_TA.G1,0
B1_TGGAAAGACTCCCA_Goblet,3
B1_TGGAACTGCAGAGG_Tuft,8
B1_TGGACCCTGTTGAC_Enterocyte.Mature.Proximal,5
B1_TGGAGACTCAGATC_Enterocyte.Progenitor.Late,1
B1_TGGAGGGAGGGAGT_TA.G2,6
B1_TGGATGACCTTATC_Stem,0
B1_TGGATGTGGCAAGG_Enterocyte.Immature.Proximal,2
B1_TGGCAATGAAGGTA_Paneth,0
B1_TGGCACCTACCTTT_Tuft,8
B1_TGGTACGAAAGCAA_Stem,0
B1_TGGTACGACACTAG_Tuft,0
B1_TGGTACGATACGAC_TA.Early,0
B1_TGGTCAGAAGCCTA_Endocrine,7
B1_TGGTCAGACATTGG_Enterocyte.Progenitor,0
B1_TGGTCAGACCAACA_TA.Early,0
B1_TGGTTACTTAGAAG_TA.G2,6
B1_TGTAAAACACCTGA_Enterocyte.Mature.Proximal,5
B1_TGTAAAACGATGAA_Enterocyte.Immature.Distal,4
B1_TGTAAAACGGCAAG_Stem,0
B1_TGTAATGAGGACGA_Stem,0
B1_TGTAATGAGTTCAG_TA.G2,6
B1_TGTACTTGTGCTCC_TA.Early,1
B1_TGTAGTCTGCTGAT_Paneth,3
B1_TGTCTAACGGTGAG_Stem,0
B1_TGTGATCTATTGGC_Enterocyte.Progenitor.Early,1
B1_TGTTAAGAAAGGCG_Goblet,3
B1_TGTTAAGACTGCTC_Enterocyte.Immature.Distal,2
B1_TGTTAAGAGTCTGA_Goblet,3
B1_TTACAGCTCGAGAG_Goblet,3
B1_TTACAGCTCTGAGT_Enterocyte.Progenitor,1
B1_TTACCATGTCGCCT_TA.Early,1
B1_TTACTCGATGTTCT_Enterocyte.Progenitor,1
B1_TTAGAATGTCGTAG_Goblet,3
B1_TTAGGGTGAGCGGA_Goblet,3
B1_TTAGGGTGCAGCTA_TA.Early,1
B1_TTAGGTCTCAGCTA_TA.G2,6
B1_TTAGGTCTCCTATT_Stem,0
B1_TTAGTCACTGAGGG_Enterocyte.Progenitor.Early,1
B1_TTAGTCTGACCAGT_TA.Early,0
B1_TTATCCGAACACTG_TA.Early,1
B1_TTATCCGACAGATC_Enterocyte.Mature.Proximal,5
B1_TTATCCGATGAGCT_Enterocyte.Progenitor.Early,1
B1_TTATGAGACATTCT_Enterocyte.Progenitor.Early,1
B1_TTATGAGAGTTCAG_Paneth,3
B1_TTATGCACACACGT_Enterocyte.Progenitor,2
B1_TTATGCACTTGTCT_Goblet,0
B1_TTATGGCTATCGGT_Tuft,0
B1_TTATGGCTCCACAA_TA.G2,0
B1_TTATGGCTCGGTAT_Goblet,3
B1_TTCAAGCTCGAGAG_Stem,0
B1_TTCACAACCGAACT_TA.G1,1
B1_TTCACCCTACGTTG_Enterocyte.Progenitor,1
B1_TTCAGACTCAGAAA_Enterocyte.Immature.Proximal,2
B1_TTCAGACTCCCAAA_Enterocyte.Immature.Proximal,2
B1_TTCAGACTCTCTCG_Enterocyte.Immature.Proximal,2
B1_TTCATCGACATTGG_Goblet,3
B1_TTCATGACCCGCTT_Enterocyte.Mature.Proximal,5
B1_TTCATGACGCATCA_Stem,0
B1_TTCATGTGTTCTAC_Enterocyte.Progenitor.Early,1
B1_TTCCAAACGAGATA_Enterocyte.Immature.Proximal,2
B1_TTCCAAACGGGAGT_Endocrine,7
B1_TTCCATGACCACCT_TA.Early,0
B1_TTCCATGAGGGACA_TA.G1,0
B1_TTCCCACTTTGTGG_Enterocyte.Progenitor.Late,2
B1_TTCCTAGACTAGAC_Enterocyte.Progenitor,1
B1_TTCTACGATGTAGC_Enterocyte.Progenitor.Late,4
B1_TTCTAGTGTCAGAC_Enterocyte.Progenitor.Early,1
B1_TTCTCAGACATGCA_TA.Early,1
B1_TTCTTACTGGGCAA_TA.Early,0
B1_TTGAATGACCTCAC_Goblet,3
B1_TTGACACTCCAAGT_Enterocyte.Immature.Proximal,2
B1_TTGAGGACACGCTA_Goblet,3
B1_TTGATCTGAGAAGT_Goblet,3
B1_TTGCTAACTCGCCT_TA.Early,0
B1_TTGGAGACAACGTC_Enterocyte.Progenitor.Late,2
B1_TTGGGAACAAACGA_Enterocyte.Mature.Proximal,2
B1_TTGGGAACCAGAGG_Enterocyte.Progenitor,1
B1_TTGGGAACTCCTTA_Stem,0
B1_TTGGTACTACCAGT_Tuft,8
B1_TTGGTACTGCGAAG_Enterocyte.Progenitor.Early,1
B1_TTGGTACTTGACAC_Enterocyte.Progenitor,1
B1_TTGTACACGAACCT_Enterocyte.Progenitor.Early,1
B1_TTGTAGCTCTCTCG_Stem,0
B1_TTTAGAGAACGGAG_Enterocyte.Immature.Distal,4
B1_TTTAGAGAGGAAAT_Stem,0
B1_TTTAGGCTCTCTTA_Paneth,0
B1_TTTCACGAAGTGTC_TA.Early,0
B1_TTTCACGACACACA_Enterocyte.Progenitor.Early,1
B1_TTTCACGAGAGGCA_Stem,0
B1_TTTCCAGAACGCTA_Goblet,3
B1_TTTCCAGATGCAAC_Enterocyte.Progenitor,1
B1_TTTCGAACTACTGG_Stem,0
B1_TTTCTACTTCACCC_Enterocyte.Progenitor.Late,2
